WatershedID,Name,AreaSqKm,States
03030003,Deep,3755.81,NC
03030004,Upper Cape Fear,4221.6,NC
03030005,Lower Cape Fear,2860.06,NC
03030006,Black,4076.63,NC
03030007,Northeast Cape Fear,4510.43,NC
03040101,Upper Yadkin,6357.75,"NC,VA"
03040102,South Yadkin,2347.89,NC
03040103,Lower Yadkin,3081.68,NC
03040104,Upper Pee Dee,2250.82,"NC,SC"
03040105,Rocky,3670.86,"NC,SC"
03050102,South Fork Catawba,1711.71,"NC,SC"
06010202,Upper Little Tennessee,2168.56,"GA,NC,TN"
06010203,Tuckasegee,1900.62,"NC,TN"
03050101,Upper Catawba,6106.21,"NC,SC"
06010103,"Watauga, North Carolina, Tennessee",2248.99,"NC,TN"
06010105,Upper French Broad,4867.99,"NC,SC,TN"
06010106,Pigeon,1785.6,"NC,TN"
06010108,Nolichucky,4553.47,"NC,TN"
06010204,Lower Little Tennessee,2732.57,"NC,TN"
03010102,Middle Roanoke,4502.56,"NC,VA"
03010103,Upper Dan,5323.71,"NC,VA"
03010104,Lower Dan,3325.53,"NC,VA"
03010106,Roanoke Rapids,1532.88,"NC,VA"
03010203,Chowan,2328.24,"NC,VA"
03010204,Meherrin,4175.76,"NC,VA"
05050001,Upper New,7620.62,"NC,TN,VA"
09010003,Lower Souris,13002.27,"CN,ND"
09010005,Deep,4353.59,"CN,ND"
09010006,Long Creek,4490,"CN,ND"
09020109,Goose,3276.78,ND
09020201,Devils Lake,9945.39,ND
09020202,Upper Sheyenne,4877.28,ND
09020203,Middle Sheyenne,5229.08,ND
09020204,Lower Sheyenne,4462.7,ND
09020205,Maple,4088.98,ND
09020307,Turtle,1769.75,ND
09020308,Forest,2425.11,ND
09020310,Park,2472.2,ND
10110101,Lake Sakakawea,17582.4,ND
10110102,Little Muddy,2411.27,ND
10110205,Lower Little Missouri,4672.14,ND
10130101,Painted Woods-Square Butte,6544.56,ND
10130103,Apple Creek,9411.15,ND
10130104,Beaver,2682.42,ND
10130201,Knife,6483.08,ND
10130202,Upper Heart,4440.44,ND
10130203,Lower Heart,4229.77,ND
10130204,Upper Cannonball,4234.54,ND
10130206,Lower Cannonball,2317.27,ND
10160001,James Headwaters,4396.52,ND
10160002,Pipestem,2772.51,ND
09010002,Des Lacs,2739.08,"CN,ND"
09010004,Willow,4649.35,"CN,ND"
09010007,Headwaters Souris River,8048.46,"CN,ND"
09010008,Moose Mountain Creek-Souris River,8762.86,"CN,ND"
09020316,Lower Pembina River,6571.79,"CN,ND"
10060007,Brush Lake Closed Basin,2724.59,"CN,MT,ND"
09020107,Elm-Marsh,2838.25,"MN,ND"
10110203,Middle Little Missouri,5628.26,"MT,ND"
09020105,Western Wild Rice,5793.14,"ND,SD"
10130205,Cedar,4626.17,"ND,SD"
10120108,Hat,2507.49,"NE,SD,WY"
10150003,Upper Niobrara,10753.28,"NE,SD"
10150005,Snake,2231.82,NE
10150007,Lower Niobrara,3863.91,NE
10180013,Pumpkin,2663.55,"NE,WY"
10180014,Lower North Platte,5681.8,NE
10200101,Middle Platte-Buffalo,8650.98,NE
10200102,Wood,1891.53,NE
10200103,Middle Platte-Prairie,2854.22,NE
10200201,Lower Platte-Shell,2222.83,NE
10200202,Lower Platte,1365.69,NE
10200203,Salt,4266.42,NE
10210001,Upper Middle Loup,5414.57,NE
10210002,Dismal,4695.8,NE
10210003,Lower Middle Loup,4628.16,NE
10210004,South Loup,4094.31,NE
10210005,Mud,1918.58,NE
10210006,Upper North Loup,6084.94,NE
10210007,Lower North Loup,2532.76,NE
10210008,Calamus,2567.52,NE
10210009,Loup,3972.42,NE
10210010,Cedar,3185.54,NE
10220001,Upper Elkhorn,7492.28,NE
10220002,North Fork Elkhorn,2197.79,NE
10220003,Lower Elkhorn,5709.02,NE
10220004,Logan,2727.53,NE
10240006,Little Nemaha,2312.02,NE
10250008,Medicine,2402.09,NE
10270201,Upper Big Blue,2868.81,NE
10270202,Middle Big Blue,3273.12,NE
10270203,West Fork Big Blue,3470.64,NE
10270204,Turkey,1887.18,NE
10190017,Sidney Draw,1947.65,"CO,NE,WY"
10190018,Lower South Platte,3660.45,"CO,NE"
10250006,Stinking Water,3745.04,"CO,NE"
10240001,Keg-Weeping Water,2170.37,"IA,MO,NE"
10240008,Big Nemaha,3132.95,"KS,NE"
10250004,Upper Republican,5581.23,"KS,NE"
10250009,Harlan County Reservoir,3493.43,"KS,NE"
10250014,Beaver,1896.61,"KS,NE"
10270206,Upper Little Blue,5821.16,"KS,NE"
10140101,Fort Randall Reservoir,11052.74,"NE,SD"
10140201,Upper White,9801.58,"NE,SD"
10150001,Ponca,2137.02,"NE,SD"
10150004,Middle Niobrara,9809.32,"NE,SD"
10150006,Keya Paha,4464.24,"NE,SD"
10170101,Lewis and Clark Lake,8363.48,"NE,SD"
10150002,Niobrara Headwaters,3838.46,"NE,WY"
10180009,Middle North Platte-Scotts Bluff,13351.61,"NE,WY"
01070001,Pemigewasset,2648.71,NH
01070002,Winnipesaukee River,1257.17,NH
01070003,Contoocook,1978.89,NH
01040001,Upper Androscoggin,3548.91,"CN,ME,NH"
01060002,Saco,4404.7,"ME,NH"
01060003,Piscataqua-Salmon Falls,4475.36,"MA,ME,NH"
01080103,Waits,2403.14,"NH,VT"
01080104,Upper Connecticut-Mascoma,1339.43,"NH,VT"
01080106,Black-Ottauquechee,3423.31,"NH,VT"
01080107,West,2199.14,"NH,VT"
01080101,Upper Connecticut,3703.06,"CN,ME,NH,VT"
02030103,Hackensack-Passaic,2936.91,"NJ,NY"
02030104,Sandy Hook-Staten Island,1838.33,"NJ,NY"
02030105,Raritan,2863,NJ
02040206,Cohansey-Maurice,3094.18,"DE,NJ"
02040301,Mullica-Toms,4468.01,"NJ,NY"
02040302,Great Egg Harbor,2282.99,NJ
02020007,Rondout,3077.6,"NJ,NY"
02040105,Middle Delaware-Musconetcong,3520.75,"NJ,PA"
02040201,Crosswicks-Neshaminy,1408.29,"NJ,PA"
02040202,Lower Delaware,2982.08,"DE,NJ,PA"
11080001,Canadian Headwaters,4468.32,"CO,NM"
11080002,Cimarron,2718.19,NM
11080003,Upper Canadian,5320.31,NM
11080004,Mora,3773.97,NM
11080005,Conchas,2634.5,NM
11080006,Upper Canadian-Ute Reservoir,5797.86,"NM,TX"
11080007,Ute,5506.54,NM
11080008,Revuelto,2087.39,NM
13020101,Upper Rio Grande,8429.23,"CO,NM"
13020102,Rio Chama,8179.27,"CO,NM"
13020201,Rio Grande-Santa Fe,4847.54,NM
13020202,Jemez,2690.91,NM
13020203,Rio Grande-Albuquerque,8328.17,NM
13020204,Rio Puerco,5469.01,NM
13020205,Arroyo Chico,3562.16,NM
13020206,North Plains,3126.78,NM
13020207,Rio San Jose,6727.3,NM
13020208,Plains of San Agustin,5155.6,NM
13020209,Rio Salado,3615.34,NM
13020210,Jornada Del Muerto,4431.2,NM
13020211,Elephant Butte Reservoir,5684.91,NM
13030101,Caballo,3194.92,NM
13030103,Jornada Draw,3236.33,NM
13030201,Playas Lake,18286.54,"MX,NM"
13030202,Mimbres,17304.5,"MX,NM"
13050001,Western Estancia,6279.92,NM
13050002,Eastern Estancia,1333.11,NM
13060001,Pecos Headwaters,9016.33,NM
13060002,Pintada Arroyo,2667.85,NM
13060003,Upper Pecos,10897.58,NM
13060004,Taiban,2086.7,NM
13060005,Arroyo Del Macho,4847.73,NM
13060006,Gallo Arroyo,2258.16,NM
13060007,Upper Pecos-Long Arroyo,8291.35,NM
13060008,Rio Hondo,4307.51,NM
13060009,Rio Felix,2446.1,NM
13060010,Rio Penasco,2777.76,NM
13060011,Upper Pecos-Black,11350.62,"NM,TX"
14080103,Blanco Canyon,4438.87,NM
14080106,Chaco,11845.71,"AZ,NM"
15040001,Upper Gila,5133.27,NM
15080303,Cloverdale,473.4,"MX,NM"
15020003,Carrizo Wash,5852.07,"AZ,NM"
15020004,Zuni,6909.4,"AZ,NM"
15040002,Upper Gila-Mangas,5305.34,"AZ,NM"
15040003,Animas Valley,5863.72,"AZ,NM"
14080105,Middle San Juan,5037.47,"AZ,CO,NM"
11040001,Cimarron Headwaters,4345.44,"CO,NM,OK"
13010005,Conejos,1986.81,"CO,NM"
14080101,Upper San Juan,8886.23,"CO,NM"
14080104,Animas,3547.44,"CO,NM"
11090101,Middle Canadian-Trujillo,4793.42,"NM,TX"
11090104,Carrizo,2366.76,"NM,TX"
11120102,Palo Duro,2588.53,"NM,TX"
13030102,El Paso-Las Cruces,14293.93,"MX,NM,TX"
15010011,White,7447.63,NV
15010013,Meadow Valley Wash,6570.15,"NV,UT"
15010015,Las Vegas Wash,4865.5,NV
16020307,"Pilot-Thousand Springs, Nevada, Utah",3971.32,"NV,UT"
16040101,Upper Humboldt,7133.03,NV
16040102,North Fork Humboldt,2586.51,NV
16040103,South Fork Humboldt,3382.81,NV
16040105,Middle Humboldt,8286.01,NV
16040106,Rock,2349.35,NV
16040107,Reese,6160.36,NV
16040108,Lower Humboldt,6718.17,NV
16040109,Little Humboldt,4612.94,NV
16040202,Lower Quinn,8481.72,NV
16050103,Pyramid-Winnemucca Lakes,3587.84,NV
16050104,Granite Springs Valley,4304.47,NV
16050202,Middle Carson,2148.98,NV
16050203,Carson Desert,5633.21,NV
16050303,Walker,2315.83,NV
16050304,Walker Lake,2093.5,NV
16060001,Dixie Valley,10470.47,NV
16060002,Gabbs Valley,5390.74,NV
16060003,Southern Big Smoky Valley,5309.6,NV
16060004,Northern Big Smoky Valley,4942.74,NV
16060005,Diamond-Monitor Valleys,8089.59,NV
16060006,Little Smoky-Newark Valleys,3742.14,NV
16060007,Long-Ruby Valleys,10657.68,NV
16060008,Spring-Steptoe Valleys,13769,NV
16060009,Dry Lake Valley,5618.75,NV
16060011,Ralston-Stone Cabin Valleys,8395.13,NV
16060012,Hot Creek-Railroad Valleys,12224.1,NV
16060013,Cactus-Sarcobatus Flats,7140.92,NV
16060014,Sand Spring-Tikaboo Valleys,13290.43,NV
15010010,Lower Virgin,5337.72,"AZ,NV,UT"
16040203,Smoke Creek Desert,6376.57,"CA,NV"
16040204,Massacre Lake,3357.46,"CA,NV"
16060010,Fish Lake-Soda Spring Valleys,7147.33,"CA,NV"
16040201,Upper Quinn,9128.14,"NV,OR"
16040205,Thousand-Virgin,2998.41,"NV,OR"
16020301,Hamlin-Snake Valleys,8069.66,"NV,UT"
02020001,Upper Hudson,4309.15,NY
02020002,Sacandaga,2731.57,NY
02020004,Mohawk,6607.17,NY
02020005,Schoharie,2403.86,NY
02020006,Middle Hudson,6291.95,"MA,NY"
02020008,Hudson-Wappinger,2444.65,NY
02030102,Bronx,487.83,"CT,NY"
02030201,Northern Long Island,750.51,NY
02030202,Southern Long Island,5079.5,"NJ,NY,RI"
02040102,East Branch Delaware,2176.62,NY
02050102,Chenango,4162.8,NY
04120102,Cattaraugus,1449.47,NY
04120103,Buffalo-Eighteenmile,1850.03,NY
04130001,Oak Orchard-Twelvemile,2774.87,"CN,NY"
04130003,Lower Genesee,2763.57,NY
04140101,Irondequoit-Ninemile,1803.92,NY
04140102,Salmon-Sandy,2540.24,NY
04140201,Seneca,8961.11,NY
04140202,Oneida,3879.32,NY
04140203,Oswego,376.62,NY
04150101,Black,4938.97,NY
04150102,Chaumont-Perch,822.45,NY
04150302,Oswegatchie,2719.83,NY
04150303,Indian,1456.9,NY
04150304,Grass,1659.38,NY
04150305,Raquette,3261.47,NY
04150306,St. Regis,2212.68,NY
04150307,Salmon,1068.65,"CN,NY"
04150309,Headwaters St. Lawrence River,3808,"CN,NY"
04150310,Raisin River-St. Lawrence River,3567.28,"CN,NY"
04150404,Ausable River,1333.55,NY
04150406,Saranac River,1588.25,NY
04150308,Chateaugay-English,2983.86,"CN,NY"
02030101,Lower Hudson,1941.73,"CT,NJ,NY"
04150401,Mettawee River,1780.46,"NY,VT"
04150408,Lake Champlain,7256.17,"CN,NY,VT"
04100007,Auglaize,4316.15,"IN,OH"
04100008,Blanchard,1999.4,OH
04100009,Lower Maumee,2791.62,OH
04100010,Cedar-Portage,2478.68,OH
04100011,Sandusky,4714.6,OH
04100012,Huron-Vermilion,1976.7,OH
04110001,Black-Rocky,2317.1,OH
04110002,Cuyahoga,2101.57,OH
04110003,Ashtabula-Chagrin,1625.24,"OH,PA"
04110004,Grand,1827.35,OH
05030103,Mahoning,2952.11,"OH,PA"
05030204,Hocking,3098.27,OH
05040001,Tuscarawas,6720.15,OH
05040002,Mohican,2603.01,OH
05040003,Walhonding,3239.89,OH
05040004,Muskingum,4056.09,OH
05040005,Wills,2210.15,OH
05040006,Licking,2020.14,OH
05060001,Upper Scioto,8277.11,OH
05060002,Lower Scioto,5633.39,"KY,OH"
05060003,Paint,2956.24,OH
05090202,Little Miami,4552.89,OH
05080001,"Upper Great Miami, Indiana, Ohio",6506.96,"IN,OH"
05080002,"Lower Great Miami, Indiana, Ohio",3576.9,"IN,OH"
05120101,Upper Wabash,4230.82,"IN,OH"
04100001,Ottawa-Stony,1812.32,"MI,OH"
04100006,Tiffin,2013.99,"MI,OH"
04120101,Chautauqua-Conneaut,2204.8,"NY,OH,PA"
11050001,Lower Cimarron-Eagle Chief,6272.34,"KS,OK"
11050003,Lower Cimarron,3586.18,OK
11060006,Black Bear-Red Rock,5531.62,OK
11070105,Lower Verdigris,1849.6,OK
11070107,Bird,2945.89,OK
11070209,Lower Neosho,5764.75,"AR,OK"
11090201,Lower Canadian-Deer,5290.04,"OK,TX"
11090202,Lower Canadian-Walnut,4747.2,OK
11090203,Little,2530.83,OK
11090204,Lower Canadian,5130.27,OK
11100102,Middle Beaver,3511.23,"KS,OK,TX"
11100301,Middle North Canadian,4813.33,OK
11100302,Lower North Canadian,4842.7,OK
11100303,Deep Fork,6569.7,OK
11110101,Polecat-Snake,3424.84,OK
11110102,Dirty-Greenleaf,2064.43,OK
11120303,Lower North Fork Red,3585.21,OK
11130202,Cache,2071.14,OK
11130203,West Cache,2848.79,OK
11130208,Northern Beaver,2237.73,OK
11130302,Upper Washita,8310.93,OK
11130303,Middle Washita,6495.86,OK
11130304,Lower Washita,1893.67,OK
11140102,Blue,1769.42,OK
11140103,Muddy Boggy,3716.95,OK
11140104,Clear Boggy,2597.43,OK
11140107,Upper Little,3638.17,OK
11110103,Illinois,4283.46,"AR,OK"
11110104,Robert S. Kerr Reservoir,4564.9,"AR,OK"
11110105,Poteau,4934.41,"AR,OK"
11140105,Kiamichi,4719.43,"AR,OK"
11040002,Upper Cimarron,4272.92,"CO,KS,NM,OK"
11040008,Upper Cimarron-Bluff,4816.58,"KS,OK"
11060001,Kaw Lake,2468.02,"KS,OK"
11060002,Upper Salt Fork Arkansas,2794.92,"KS,OK"
11060004,Lower Salt Fork Arkansas,6048.24,"KS,OK"
11060005,Chikaskia,5238.47,"KS,OK"
11070103,Middle Verdigris,3930.32,"KS,OK"
11070106,Caney,5424.37,"KS,OK"
11120202,Lower Salt Fork Red,3230.83,"OK,TX"
11120302,Middle North Fork Red,4285.43,"OK,TX"
11120304,Elm Fork Red,2404.66,"OK,TX"
11130102,Blue-China,1994.63,"OK,TX"
11130201,Farmers-Mud,6010.12,"OK,TX"
11130301,Washita Headwaters,3813.95,"OK,TX"
11100101,Upper Beaver,7075.79,"NM,OK,TX"
18010201,Williamson,3725.91,OR
18010202,Sprague,4170.92,OR
18010203,Upper Klamath Lake,1875.15,OR
02040103,Lackawaxen,1548.68,PA
02040106,Lehigh,3526.74,PA
02040203,Schuylkill,4951.62,PA
02050106,Upper Susquehanna-Tunkhannock,5191.43,PA
02050107,Upper Susquehanna-Lackawanna,4572.75,PA
02050201,Upper West Branch Susquehanna,4136.01,PA
02050202,Sinnemahoning,2677.96,PA
02050203,Middle West Branch Susquehanna,2031.23,PA
02050204,Bald Eagle,2002.7,PA
02050205,Pine,2539.98,PA
02050206,Lower West Branch Susquehanna,4686.96,PA
02050301,Lower Susquehanna-Penns,3750.66,PA
02050302,Upper Juniata,2566.37,PA
02050303,Raystown,2492.09,PA
02050304,Lower Juniata,3756.69,PA
02050305,Lower Susquehanna-Swatara,4859.97,PA
05010003,Middle Allegheny-Tionesta,4361.93,PA
05010004,French,3203.64,"NY,PA"
05010005,Clarion,3233.97,PA
05010006,Middle Allegheny-Redbank,4361.11,PA
05010007,Conemaugh,3555.13,PA
05010008,Kiskiminetas,1334.51,PA
05010009,Lower Allegheny,1281.11,PA
05030104,Beaver,291.34,PA
05030105,Connoquenessing,2171.22,PA
02050306,Lower Susquehanna,6439.28,"MD,PA"
02040104,Middle Delaware-Mongaup-Brodhead,3962.02,"NJ,NY,PA"
02040101,Upper Delaware,3082.43,"NY,PA"
02050101,Upper Susquehanna,5927.49,"NY,PA"
02050103,Owego-Wappasening,2705.79,"NY,PA"
02050104,Tioga,3585.22,"NY,PA"
02050105,Chemung,3138.47,"NY,PA"
04130002,Upper Genesee,3692.05,"NY,PA"
05010001,Upper Allegheny,6711.5,"NY,PA"
05010002,Conewango,2333.9,"NY,PA"
05030102,Shenango,2763.03,"OH,PA"
05020005,Lower Monongahela,3816.47,"PA,WV"
05030101,Upper Ohio,5145.19,"OH,PA,WV"
05030106,Upper Ohio-Wheeling,3914.09,"OH,PA,WV"
21010002,Cibuco-Guajataca,3161.66,PR
21010003,Culebrinas-Guanajibo,1661.18,PR
21010004,Southern Puerto Rico,3493.87,PR
21010005,Eastern Puerto Rico,3700.77,PR
21020001,St. John-St. Thomas,1045.36,VI
21020002,St. Croix,869.33,VI
01090005,Pawcatuck-Wood,1417.33,"CT,RI"
01090004,Narragansett,3843.17,"MA,RI"
03040202,Lynches,3660.05,"NC,SC"
03040205,Black,5337.03,SC
03040207,Carolina Coastal-Sampit,1483.08,SC
03050104,Wateree,3255.2,SC
03050107,Tyger,2093.81,SC
03050108,Enoree,1895.27,SC
03050110,Congaree,1786.12,SC
03050111,Lake Marion,1421.09,SC
03050112,Santee,1870.23,SC
03050201,Cooper,3273.07,SC
03140107,Perdido Bay,1167.28,"AL,FL"
03140201,Upper Choctawhatchee,3997.3,AL
03140301,Upper Conecuh,2129.22,AL
03140302,Patsaliga,1554.46,AL
03140303,Sepulga,2717.81,AL
03140304,Lower Conecuh,2626.45,"AL,FL"
03150106,Middle Coosa,6692.1,AL
03150107,Lower Coosa,5082.53,AL
03150109,Middle Tallapoosa,4117.58,AL
03150110,Lower Tallapoosa,4411.36,AL
03150201,Upper Alabama,6193.16,AL
03150202,Cahaba,4723.87,AL
03150203,Middle Alabama,5774.76,AL
03150204,Lower Alabama,3758.27,AL
03160105,Luxapallila,2069.63,"AL,MS"
03160107,Sipsey,2039.9,AL
03160109,Mulberry,3554.09,AL
03160110,Sipsey Fork,2581.42,AL
03160111,Locust,3134.83,AL
03160112,Upper Black Warrior,3226.44,AL
03160113,Lower Black Warrior,3763.46,AL
03160201,Middle Tombigbee-Chickasaw,5389.18,"AL,MS"
03160203,Lower Tombigbee,4185.46,AL
03160204,Mobile-Tensaw,2362.72,AL
03160205,Mobile Bay,2261.06,AL
06030002,Wheeler Lake,7493.17,"AL,TN"
06030006,Bear,2444.27,"AL,MS"
03140106,Perdido,2383.72,"AL,FL"
03130002,Middle Chattahoochee-Lake Harding,7875.21,"AL,GA"
03130003,Middle Chattahoochee-Walter F,7347.5,"AL,GA"
03150108,Upper Tallapoosa,3611.62,"AL,GA"
03160106,Middle Tombigbee-Lubbub,4224.17,"AL,MS"
03160108,Noxubee,3673.33,"AL,MS"
03170002,Upper Chickasawhay,3745.4,"AL,MS"
06030005,Pickwick Lake,5911.4,"AL,MS,TN"
06030001,Guntersville Lake,5173.58,"AL,GA,TN"
06030004,Lower Elk,2496.93,"AL,TN"
08020205,L'Anguille,2474.48,AR
03050202,South Carolina Coastal,1004.03,SC
03050203,North Fork Edisto,1968.57,SC
03050204,South Fork Edisto,2246.61,SC
03050205,Four Hole Swamp,1693.81,SC
03050206,Edisto River,2432.78,SC
03050207,Salkehatchie,4868.1,SC
03050208,Broad-St. Helena,2506.5,SC
03050209,Bulls Bay,1079.77,SC
03050210,St. Helena Island,412.55,SC
03060107,Stevens,1916.89,SC
03060102,Tugaloo,2562.97,"GA,NC,SC"
03060103,Upper Savannah,4763.56,"GA,SC"
03060106,Middle Savannah,4750.7,"GA,SC"
03060110,Calibogue Sound-Wright River,1082.6,"GA,SC"
03040201,Lower Pee Dee,6557.68,"NC,SC"
03040203,Lumber,4539.76,"NC,SC"
03040204,Little Pee Dee,3542.42,"NC,SC"
03040206,Waccamaw,4277.14,"NC,SC"
03040208,Coastal Carolina,1751.74,"NC,SC"
03050103,Lower Catawba,3456.09,"NC,SC"
03050105,Upper Broad,6419.26,"NC,SC"
03050109,Saluda,6538.72,"NC,SC"
03060101,Seneca,2662.58,"NC,SC"
10120106,Angostura Reservoir,3632.48,"NE,SD,WY"
10120109,Middle Cheyenne-Spring,5499.86,SD
10120110,Rapid,1852.3,SD
10120111,Middle Cheyenne-Elk,4088.64,SD
10120112,Lower Cheyenne,4197.75,SD
10120113,Cherry,4797.04,SD
10120202,Lower Belle Fourche,8408.18,"MT,SD,WY"
10130105,Lower Lake Oahe,9927.5,SD
10130302,South Fork Grand,4518.6,SD
10130303,Grand,6207.5,"ND,SD"
10130304,South Fork Moreau,2624.57,SD
10130305,Upper Moreau,4061.28,SD
10130306,Lower Moreau,6884.46,SD
10140102,Bad,8225.9,SD
10140103,Medicine Knoll,2170.31,SD
10140104,Medicine,1794.65,SD
10140105,Crow,3019.35,SD
10140202,Middle White,6301.74,SD
10140204,Lower White,5455.13,SD
10160005,Mud,2170.91,SD
10160006,Middle James,9603.8,SD
10160007,North Fork Snake,2480.41,SD
10160008,Snake,4409.24,SD
10160009,Turtle,3887.13,SD
10160011,Lower James,9428.56,SD
10170102,Vermillion,5487.52,SD
10170103,Lake Thompson,1237.93,SD
10170201,Upper Big Sioux,4229.55,SD
10170202,Middle Big Sioux,5473.69,"MN,SD"
07020003,Lac Qui Parle,2840.22,"MN,SD"
09020101,Bois De Sioux,2875.05,"MN,ND,SD"
10130102,Upper Lake Oahe,9418.1,"ND,SD"
10130106,West Missouri Coteau,4213.68,"ND,SD"
10130301,North Fork Grand,3227,"ND,SD"
10160003,Upper James,11583.36,"ND,SD"
10160004,Elm,4010.43,"ND,SD"
10140203,Little White,4209.72,"NE,SD"
10120107,Beaver,4311.65,"SD,WY"
10120203,Redwater,2721.42,"SD,WY"
05130106,Upper Cumberland-Cordell Hull Reservoir,2063.97,TN
05130107,Collins,2039.11,TN
05130108,Caney,4653.89,TN
05130201,Lower Cumberland-Old Hickory Lake,2552.95,TN
05130202,Lower Cumberland-Sycamore,1676.91,TN
05130203,Stones,2423.48,TN
05130204,Harpeth,2245.66,TN
06010104,Holston,2589.97,"TN,VA"
06010107,Lower French Broad,2063.04,"NC,TN"
06010201,Watts Bar Lake,3505.89,"NC,TN"
06010207,Lower Clinch,1647.78,TN
06010208,Emory,2243.57,TN
06020004,Sequatchie,1558.09,TN
06040001,Lower Tennessee-Beech,5403.44,"MS,TN"
06040002,Upper Duck,3058.99,TN
06040003,Lower Duck,4005.76,TN
06040004,Buffalo,1975.22,TN
08010203,South Fork Obion,2998.58,TN
08010204,North Fork Forked Deer,2471.42,TN
08010205,South Fork Forked Deer,2748.17,TN
08010206,Forked Deer,184.4,TN
08010209,Loosahatchie,1921.44,TN
06030003,Upper Elk,3324.37,"AL,TN"
05130104,South Fork Cumberland,3581.07,"KY,TN"
05130105,Obey,2452.65,"KY,TN"
05130205,Lower Cumberland,6044.55,"KY,TN"
05130206,Red,3765.11,"KY,TN"
06040005,Kentucky Lake,4700.87,"KY,TN"
08010202,Obion,3406.94,"KY,TN"
08010208,Lower Hatchie,3791.23,"MS,TN"
08010211,Horn Lake-Nonconnah,723.16,"MS,TN"
06010205,"Upper Clinch, Tennessee, Virginia",5091.26,"TN,VA,WV"
06010206,Powell,2451.94,"KY,TN,VA"
11090105,Lake Meredith,5238.64,TX
11090106,Middle Canadian-Spring,7133.39,"OK,TX"
11100103,Coldwater,5081.83,"NM,OK,TX"
11100104,Palo Duro,5016.51,"OK,TX"
11100202,Upper Wolf,2156.49,TX
08020301,Lower White-Bayou Des Arc,2942.13,AR
08020302,Cache,5197.96,"AR,MO"
08020303,Lower White,3524.47,AR
08020304,Big,2453.35,AR
08020401,Lower Arkansas,1793.94,AR
08020402,Bayou Meto,2589.04,AR
08040101,Ouachita Headwaters,4010.01,AR
08040102,Upper Ouachita,4540.7,AR
08040103,Little Missouri,5437.74,AR
08040201,Lower Ouachita-Smackover,4672.4,AR
08040203,Upper Saline,4442.94,AR
08040204,Lower Saline,3934.66,AR
11010004,Middle White,3822.33,AR
11010005,Buffalo,3470.72,AR
11010009,Lower Black,2120.43,"AR,MO"
11010010,Spring,3146.93,"AR,MO"
11010012,Strawberry,1970.04,AR
11010013,Upper White-Village,1918.21,AR
11010014,Little Red,4666.06,AR
11110201,Frog-Mulberry,3330.8,AR
11110202,Dardanelle Reservoir,4830.61,AR
11110203,Lake Conway-Point Remove,2951.47,AR
11110204,Petit Jean,2846.61,AR
11110205,Cadron,1961.31,AR
11110206,Fourche La Fave,2887.11,AR
11110207,Lower Arkansas-Maumelle,2845.03,AR
11140109,"Lower Little Arkansas, Oklahoma",5152.01,"AR,OK"
11140201,McKinney-Posten Bayous,2287.13,"AR,LA,TX"
11140205,Bodcau Bayou,1860.48,"AR,LA"
08020203,Lower St. Francis,9269.86,"AR,MO"
08020204,Little River Ditches,6747.76,"AR,MO"
11010001,Beaver Reservoir,6616.53,"AR,MO"
11010003,Bull Shoals Lake,6750.92,"AR,MO"
11010006,North Fork White,4743.44,"AR,MO"
11010007,Upper Black,4984.64,"AR,MO"
11010011,Eleven Point,3114.77,"AR,MO"
11140108,Mountain Fork,2191.76,"AR,OK"
11070206,Lake O' The Cherokees,2355.27,"AR,KS,MO,OK"
08010100,Lower Mississippi-Memphis,2842.16,"AR,IL,KY,MO,MS,TN"
22030000,American Samoa,1285.89,AS
15010001,Lower Colorado-Marble Canyon,3802.85,AZ
15010002,Grand Canyon,6607.57,AZ
15010004,Havasu Canyon,7599.02,AZ
15010007,Red Lake,3663.42,AZ
15010009,Fort Pearce Wash,4326.73,"AZ,UT"
15010014,Detrital Wash,1795.62,AZ
15020001,Little Colorado Headwaters,2085.5,"AZ,NM"
15020002,Upper Little Colorado,4199.52,"AZ,NM"
15020005,Silver,2456.8,AZ
15020007,Lower Puerco,2889.7,AZ
15020008,Middle Little Colorado,6539.44,AZ
15020009,Leroux Wash,2106.65,AZ
15020010,Chevelon Canyon,2123.64,AZ
15020011,Cottonwood Wash,4342.5,AZ
15020012,Corn-Oraibi,1895.56,AZ
15020013,Polacca Wash,2994.49,AZ
15020014,Jadito Wash,2432.49,AZ
15020015,Canyon Diablo,3106.55,AZ
15020016,Lower Little Colorado,6201.88,AZ
15020017,Dinnebito Wash,2121.58,AZ
15020018,Moenkopi Wash,6868.47,AZ
15030103,Sacramento Wash,3449.44,AZ
15030105,Bouse Wash,4185.3,AZ
15030106,Tyson Wash,1850.44,AZ
15030201,Big Sandy,5576.22,AZ
15030202,Burro,1846.91,AZ
15030203,Santa Maria,3710.89,AZ
15030204,Bill Williams,2783.02,AZ
15040005,Upper Gila-San Carlos Reservoir,7171.81,AZ
15040007,San Carlos,2786.71,AZ
15050100,Middle Gila,8508.08,AZ
15050201,Willcox Playa,4284.54,AZ
15050203,Lower San Pedro,5133.36,AZ
15050301,Upper Santa Cruz,6800.81,"AZ,MX"
15050302,Rillito,2384.94,AZ
15050303,Lower Santa Cruz,4357.83,AZ
15050304,Brawley Wash,3649.14,AZ
15050305,Aguirre Valley,1899.01,AZ
15050306,Santa Rosa Wash,3130.76,AZ
15060101,Black,3241.24,AZ
15060102,White,1653.02,AZ
15060103,Upper Salt,5579.22,AZ
15060104,Carrizo,1838.82,AZ
15060105,Tonto,2715.84,AZ
15060106,Lower Salt,2696.06,AZ
15060201,Big Chino-Williamson Valley,5578.16,AZ
15060202,Upper Verde,6496.47,AZ
15070101,Lower Gila-Painted Rock Reservoir,5221.08,AZ
15070102,Aqua Fria,7115.8,AZ
15070103,Hassayampa,3810.25,AZ
15070104,Centennial Wash,5002.54,AZ
15070201,Lower Gila,10858.13,AZ
15070202,Tenmile Wash,2784.05,AZ
15070203,San Cristobal Wash,4263.1,AZ
15030107,Lower Colorado,3992.91,"AZ,CA,MX"
15030108,Yuma Desert,7550.45,"AZ,MX"
15050202,Upper San Pedro,6423.99,"AZ,MX"
15080101,San Simon Wash,7503.67,"AZ,MX"
15080102,Rio Sonoyta,12383.57,"AZ,MX"
11120103,Upper Prairie Dog Town Fork Red,5576.7,TX
11120104,Tule,3304.45,TX
11120201,Upper Salt Fork Red,1917.94,TX
11120301,Upper North Fork Red,3052.33,TX
11130103,North Pease,3866.82,TX
11130104,Middle Pease,3547.96,TX
11130105,Pease,2078.33,"OK,TX"
11130204,North Wichita,2840.77,TX
11130205,South Wichita,1787.16,TX
11130206,Wichita,2646.75,"OK,TX"
11130207,Southern Beaver,1760.81,TX
11130209,Little Wichita,3841.07,TX
11140106,Pecan-Waterhole,3747.75,"AR,OK,TX"
11140301,Sulphur Headwaters,2973.91,TX
11140303,White Oak Bayou,2066.39,TX
11140305,Lake O'the Pines,2290.89,TX
11140306,Caddo Lake,3097.32,"LA,TX"
11140307,Little Cypress,1838.97,TX
12010001,Upper Sabine,3538.55,TX
12010002,Middle Sabine,7221.44,"LA,TX"
12010003,Lake Fork,1759.51,TX
12020001,Upper Neches,5036.16,TX
12020002,Middle Neches,4165.13,TX
12020003,Lower Neches,2873.14,TX
12020004,Upper Angelina,4185.94,TX
12020005,Lower Angelina,5044.55,TX
12020006,Village,2899.44,TX
12020007,Pine Island Bayou,1818.87,TX
12030101,Upper West Fork Trinity,5067.56,TX
12030102,Lower West Fork Trinity,3921.41,TX
12030103,Elm Fork Trinity,4813.39,TX
12030104,Denton,1863.31,TX
12030105,Upper Trinity,3547.53,TX
12030106,East Fork Trinity,3375.35,TX
12030107,Cedar,2760,TX
12030108,Richland,2374.28,TX
12030109,Chambers,2784.19,TX
12030201,Lower Trinity-Tehuacana,5454.64,TX
12030202,Lower Trinity-Kickapoo,8437.45,TX
12030203,Lower Trinity,1987.63,TX
12040101,West Fork San Jacinto,2801.38,TX
12040102,Spring,1960.24,TX
12040103,East Fork San Jacinto,2577.47,TX
12040104,Buffalo-San Jacinto,3062.54,TX
12040202,East Galveston Bay,2684.92,"LA,TX"
12040203,North Galveston Bay,924.28,TX
12040204,West Galveston Bay,3141.3,TX
12040205,Austin-Oyster,1805.14,TX
12050003,North Fork Double Mountain Fork Brazos,3137.79,TX
12050004,Double Mountain Fork Brazos,6743.28,TX
12050006,White,4188.25,TX
12050007,Salt Fork Brazos,5687.07,TX
12060101,Middle Brazos-Millers,6525.67,TX
12060102,Upper Clear Fork Brazos,7243.48,TX
12060103,Paint,2760.12,TX
12060104,Lower Clear Fork Brazos,1626.49,TX
12060105,Hubbard,3329.38,TX
12060201,Middle Brazos-Palo Pinto,8163.23,TX
12060202,Middle Brazos-Lake Whitney,6469.03,TX
12060203,Bosque,1091.82,TX
12060204,North Bosque,3220.45,TX
12070101,Lower Brazos-Little Brazos,6985.94,TX
12070102,Yegua,3422.65,TX
12070103,Navasota,5817.61,TX
12070104,Lower Brazos,4254.23,TX
12070201,Leon,7823.92,TX
12070202,Cowhouse,1884.09,TX
12070203,Lampasas,3916.89,TX
12070204,Little,2598.58,TX
12070205,San Gabriel,3539.87,TX
12080002,Colorado Headwaters,7570.8,TX
12080005,Johnson Draw,5125.31,TX
12080007,Beals,1575.91,TX
12080008,Upper Colorado,3571.62,TX
12090101,Middle Colorado-Elm,2997.91,TX
12090102,South Concho,3461.63,TX
12090103,Middle Concho,6972.26,TX
12090104,North Concho,3845.79,TX
12090105,Concho,3193.23,TX
12090106,Middle Colorado,5213.77,TX
12090107,Pecan Bayou,3680.05,TX
12090108,Jim Ned,2029.55,TX
12090109,San Saba,5947.3,TX
12090110,Brady,2081.37,TX
12090201,Buchanan-Lyndon B. Johnson Lakes,3289.41,TX
12090202,North Llano,2380.09,TX
12090204,Llano,6769.91,TX
12090205,Austin-Travis Lakes,3213.91,TX
12090206,Pedernales,3316.63,TX
12090301,Lower Colorado-Cummins,5688.12,TX
12090302,Lower Colorado,1828.47,TX
12090401,San Bernard,2750.05,TX
12090402,East Matagorda Bay,2481.96,TX
12100102,Navidad,3628.44,TX
12100201,Upper Guadalupe,3710.7,TX
12100202,Middle Guadalupe,5538.19,TX
12100203,San Marcos,3519.94,TX
12100204,Lower Guadalupe,2609.77,TX
12100301,Upper San Antonio,1312.77,TX
12100303,Lower San Antonio,3845.91,TX
12100304,Cibolo,2212.14,TX
15080103,Tule Desert,5700.55,"AZ,MX"
15080200,Rio De La Concepcion,25730.5,"AZ,MX"
15080301,Whitewater Draw,6894.07,"AZ,MX"
15020006,Upper Puerco,4951.24,"AZ,NM"
15040004,San Francisco,7257.38,"AZ,NM"
15040006,San Simon,5829.1,"AZ,NM"
14080204,Chinle,10616.74,"AZ,NM,UT"
15010005,Lake Mead,7498.04,"AZ,NV"
15010006,Grand Wash,2419.85,"AZ,NV"
14070006,Lower Lake Powell,7605.8,"AZ,UT"
14070007,Paria,3675.96,"AZ,UT"
14080201,Lower San Juan-Four Corners,5165.45,"AZ,CO,NM,UT"
14080205,Lower San Juan,6317.95,"AZ,UT"
15010003,Kanab,6121.33,"AZ,UT"
15030102,Piute Wash,2664.86,"CA,NV"
16050101,Lake Tahoe,1312.7,"CA,NV"
18010101,Smith,2539.81,"CA,OR"
18010102,Mad-Redwood,3684.31,CA
18010103,Upper Eel,1836.51,CA
18010104,Middle Fork Eel,1951.32,CA
18010105,Lower Eel,3962.9,CA
18010106,South Fork Eel,1785.08,CA
18010107,Mattole,1935.72,CA
18010108,Big-Navarro-Garcia,4150.54,CA
18010109,Gualala-Salmon,1436.05,CA
18010110,Russian,3845.99,CA
18010205,Butte,1572.4,"CA,OR"
18010207,Shasta,2056.52,CA
18010208,Scott,2108.68,CA
18010209,Lower Klamath,3966.44,"CA,OR"
18010210,Salmon,1945.85,CA
18010211,Trinity,5277.64,CA
18010212,South Fork Trinity,2414.19,CA
18020002,Upper Pit,6944.27,CA
18020003,Lower Pit,6830.36,CA
18020004,McCloud,1763.33,CA
18020005,Sacramento Headwaters,1533.37,CA
18020104,Sacramento-Stone Corral,4879.88,CA
18020111,Lower American,757.62,CA
18020115,Upper Stony,2011.92,CA
18020116,Upper Cache,3017.49,CA
18020121,North Fork Feather,3137.62,CA
18020122,East Branch North Fork Feather,2661.57,CA
18020123,Middle Fork Feather,3534.68,CA
18020125,Upper Yuba,3483.36,CA
18020126,Upper Bear,1228.41,CA
18020128,North Fork American,2622.73,CA
18020129,South Fork American,2200.55,CA
18020151,Cow Creek,1107.17,CA
18020152,Cottonwood Creek,2444.02,CA
18020153,Battle Creek,956.54,CA
18020154,Clear Creek-Sacramento River,1775.78,CA
18020155,Paynes Creek-Sacramento River,1097.16,CA
18020156,Thomes Creek-Sacramento River,2613.02,CA
18020157,Big Chico Creek-Sacramento River,2466.27,CA
18020158,Butte Creek,2122.89,CA
18020159,Honcut Headwaters-Lower Feather,2004.41,CA
18020161,Upper Coon-Upper Auburn,1124.1,CA
18020162,Upper Putah,1694.45,CA
18020163,Lower Sacramento,3181.99,CA
18030001,Upper Kern,2829.47,CA
18030002,South Fork Kern,2541.36,CA
18030003,Middle Kern-Upper Tehachapi-Grapevine,6764.36,CA
18030004,Upper Poso,1489.69,CA
18030005,Upper Deer-Upper White,3168.45,CA
18030006,Upper Tule,2446.49,CA
18030007,Upper Kaweah,3943.94,CA
18030009,Upper Dry,5506.31,CA
18030010,Upper King,3999.19,CA
18030012,Tulare Lake Bed,9808.28,CA
18040001,Middle San Joaquin-Lower Chowchilla,9130.4,CA
18040002,Lower San Joaquin River,2376.5,CA
18040003,San Joaquin Delta,3192.14,CA
18040006,Upper San Joaquin,4244.37,CA
18040007,Fresno River,1677.98,CA
18040008,Upper Merced,3287.85,CA
18040009,Upper Tuolumne,4850.56,CA
18040010,Upper Stanislaus,3099.99,CA
18040011,Upper Calaveras California,1369.31,CA
18040012,Upper Mokelumne,3279.69,CA
18040013,Upper Cosumnes,2459.98,CA
18040014,Panoche-San Luis Reservoir,792.89,CA
18040051,Rock Creek-French Camp Slough,1224.48,CA
18050002,San Pablo Bay,3176.72,CA
18050003,Coyote,1865.62,CA
18050004,San Francisco Bay,3453.01,CA
18050005,Tomales-Drake Bays,1979.19,CA
18050006,San Francisco Coastal South,1745.67,CA
18060002,Pajaro,3368.62,CA
18060003,Carrizo Plain,1153.51,CA
18060005,Salinas,8622.36,CA
18060006,Central Coastal,4984.08,CA
18060007,Cuyama,2962.02,CA
18060008,Santa Maria,1771.83,CA
18060009,San Antonio,769.22,CA
18060010,Santa Ynez,2322.17,CA
18060013,Santa Barbara Coastal,1736.78,CA
18060015,Monterey Bay,1961.22,CA
18070101,Ventura,868.29,CA
12100401,East Matagorda Bay,3555.58,TX
12100402,West Matagorda Bay,2318.12,TX
12100403,East San Antonio Bay,1345.59,TX
12100404,West San Antonio Bay,379.27,TX
12100405,Aransas Bay,2378.36,TX
12100406,Mission,2688.63,TX
12100407,Aransas,2221.71,TX
12110101,Nueces Headwaters,2115.13,TX
12110102,West Nueces,2377.96,TX
12110103,Upper Nueces,4866.9,TX
12110104,Turkey,4036.42,TX
12110105,Middle Nueces,8646.22,TX
12110106,Upper Frio,6063.2,TX
12110107,Hondo,2867.64,TX
12110108,Lower Frio,3162.56,TX
12110109,San Miguel,2211.77,TX
12110110,Atascosa,3614.21,TX
12110111,Lower Nueces,3363.68,TX
12110201,North Corpus Christi Bay,450.28,TX
12110202,South Corpus Christi Bay,1304.93,TX
12110203,North Laguna Madre,810.53,TX
12110204,San Fernando,3296.88,TX
12110205,Baffin Bay,5517.04,TX
12110206,Palo Blanco,2437.92,TX
12110207,Central Laguna Madre,9680.13,TX
12110208,South Laguna Madre,7731.13,TX
13040100,Rio Grande-Fort Quitman,8041.36,"MX,NM,TX"
13040201,Cibolo-Red Light,9522.33,"MX,TX"
13040202,Alamito,4044.96,"MX,TX"
13040203,Black Hills-Fresno,7255.75,"MX,TX"
13040204,Terlingua,2850.9,TX
13040205,Big Bend,15500.58,"MX,TX"
13040206,Maravillas,3400.7,TX
13040207,Santiago Draw,2262.34,TX
13040208,Reagan-Sanderson,6332.46,"MX,TX"
13040209,San Francisco,2651.59,TX
13040210,Lozier Canyon,2289.55,"MX,TX"
13040211,Big Canyon,2083.82,TX
13040212,Amistad Reservoir,7161.51,"MX,TX"
13040301,Upper Devils,6844.37,TX
13040302,Lower Devils,2260.06,TX
13040303,Dry Devils,1888.58,TX
13070002,Delaware,2039.37,"NM,TX"
13070003,Toyah,2913.23,TX
13070004,Salt Draw,5071.34,TX
13070005,Barrilla Draw,1831.66,TX
13070006,Coyanosa-Hackberry Draws,3833.12,TX
13070008,Pecos,4961.87,TX
13070009,Tunas,2505.35,TX
13070010,Independence,1997.45,TX
13070011,Howard Draw,2829,TX
13070012,Lower Pecos,2573.64,TX
13080001,Elm-Sycamore,10630.93,"MX,TX"
13080002,San Ambrosia-Santa Isabel,14939.56,"MX,TX"
13080003,International Falcon Reservoir,7292.48,"MX,TX"
13090001,Los Olmos,8145.84,"MX,TX"
11140302,Lower Sulpher,4723.96,"AR,TX"
12010004,Toledo Bend Reservoir,6136.23,"LA,TX"
12040201,Sabine Lake,2574.69,"LA,TX"
13090002,Lower Rio Grande,5501.12,"MX,TX"
11090102,Punta de Agua,3886.19,"NM,TX"
11090103,Rita Blanca,2834.72,"NM,OK,TX"
11120101,Tierra Blanca,4964.29,"NM,TX"
12050001,Yellow House Draw,9509.1,"NM,TX"
12050002,Blackwater Draw,4372.11,"NM,TX"
12050005,Running Water Draw,3921.35,"NM,TX"
12080001,Lost Draw,4637.41,"NM,TX"
12080003,Monument-Seminole Draws,6239.16,"NM,TX"
12080004,Mustang Draw,8044.57,"NM,TX"
12080006,Sulphur Springs Draw,4879.1,"NM,TX"
13050003,Tularosa Valley,17382.02,"NM,TX"
13050004,Salt Basin,20518.16,"NM,TX"
13070001,Lower Pecos-Red Bluff Reservoir,6454.59,"NM,TX"
13070007,Landreth-Monument Draws,16414.38,"NM,TX"
11100201,Lower Beaver,4612.24,"OK,TX"
11100203,Lower Wolf,2823.13,"OK,TX"
11120105,Lower Prairie Dog Town Fork Red,3729.4,"OK,TX"
11130101,Groesbeck-Sandy,3402.24,"OK,TX"
11130210,Lake Texoma,2569.64,"OK,TX"
11140101,Bois D'arc-Island,5137.17,"OK,TX"
14030005,Upper Colorado-Kane Springs,5891.7,"CO,UT"
14060003,Duchesne,6938.95,UT
14060004,Strawberry,3016.14,UT
14060005,Lower Green-Desolation Canyon,5040.04,UT
14060007,Price,4886.17,UT
14060008,Lower Green,4836.73,UT
14060009,San Rafael,6301.72,UT
14060010,Lower Green-Diamond,4211.03,"CO,UT"
14070001,Upper Lake Powell,7406.36,UT
14070002,Muddy,4016.83,UT
14070003,Fremont,5128.3,UT
14070005,Escalante,5247.57,UT
15010008,Upper Virgin,5654.3,UT
16010101,Upper Bear,5202.98,"UT,WY"
16010203,Little Bear-Logan,2289.8,"ID,UT"
16020101,Upper Weber,3014.38,"UT,WY"
16020102,Lower Weber,3421.9,UT
16020201,Utah Lake,3483.04,UT
16020203,Provo,1776.92,UT
16020204,Jordan,2107.79,UT
10250007,Red Willow,2055.33,NE
10250005,Frenchman,4266.12,"CO,NE"
15010012,Muddy,4691.95,NV
16040104,Pine,2605.15,NV
04100004,St. Marys,2054.15,"IN,OH"
11050002,Lower Cimarron-Skeleton,8382.16,OK
21010006,Puerto Rican Islands,1635.18,PR
03050106,Lower Broad,3338.01,SC
03150105,Upper Coosa,4141.96,"AL,GA"
08020100,Lower Mississippi-Helena,1537.5,"AR,MS"
05130101,Upper Cumberland,6038.41,"KY,TN,VA"
06010102,South Fork Holston,3054.45,"NC,TN,VA"
15060203,Lower Verde,5093.64,AZ
15030104,Imperial Reservoir,8924.28,"AZ,CA"
12090203,South Llano,2417.34,TX
12100101,Lavaca,2356.35,TX
12100302,Medina,3491.9,TX
18050001,Suisun Bay,1689.62,CA
18060004,Estrella,2459.94,CA
18060014,Santa Barbara Channel Islands,2175.14,CA
14060006,Willow,2470.69,UT
14070004,Dirty Devil,2183.61,UT
16020202,Spanish Fork,2494.6,UT
14010005,Colorado Headwaters-Plateau,9909.43,"CO,UT"
14040109,Vermilion,2524.01,"CO,WY"
07070006,Kickapoo,1988.36,WI
05020001,Tygart Valley,3562.49,WV
05050008,Lower Kanawha,2393.94,WV
17100103,Upper Chehalis,3362.55,WA
17110009,Skykomish,2156.48,WA
07060001,Coon-Yellow,3688.69,"IA,MN,WI"
07090005,Lower Rock,5616.77,"IL,WI"
07130004,Mackinaw,2976.16,IL
17040213,Salmon Falls,5680.83,"ID,NV"
17050117,Lower Malheur,2456.62,OR
11030016,Ninnescah,1058.93,KS
11070202,Upper Cottonwood,2433.2,KS
08070205,Tangipahoa,2008.54,"LA,MS"
01090001,Charles,3867.51,MA
07010104,Elk-Nokasippi,4358.35,MN
10290102,Lower Marais Des Cygnes,4082.39,"KS,MO"
03170005,Lower Leaf,4726.87,MS
08030203,Yocona,1926.47,MS
03010107,Lower Roanoke,3392.08,NC
03020202,Middle Neuse,2758.9,NC
18070102,Santa Clara,4210.82,CA
18070103,Calleguas,1133.59,CA
18070104,Santa Monica Bay,1744.03,CA
18070105,Los Angeles,2152.19,CA
18070106,San Gabriel,2347.04,CA
18070107,San Pedro Channel Islands,2063.77,CA
18070201,Seal Beach,329.9,CA
18070202,San Jacinto,1982.02,CA
18070203,Santa Ana,4387.78,CA
18070204,Newport Bay,502.86,CA
18070301,Aliso-San Onofre,1596.52,CA
18070302,Santa Margarita,1919.34,CA
18070303,San Luis Rey-Escondido,2153.24,CA
18070304,San Diego,4020.53,"CA,MX"
18070305,Cottonwood-Tijuana,4451.69,"CA,MX"
18080001,Surprise Valley,2347.62,"CA,NV"
18080002,Madeline Plains,2180.78,"CA,NV"
18090101,Mono Lake,2813.89,"CA,NV"
18090102,Crowley Lake,4968.03,"CA,NV"
18090103,Owens Lake,3549.96,CA
18090201,Eureka-Saline Valleys,4246.62,"CA,NV"
18090203,Death Valley-Lower Amargosa,13927.38,"CA,NV"
18090204,Panamint Valley,4224.07,CA
18090205,Indian Wells-Searles Valleys,5230.13,CA
18090206,Antelope-Fremont Valleys,8736.47,CA
18090207,Coyote-Cuddeback Lakes,4785.17,CA
18090208,Mojave,11961.46,CA
18100100,Southern Mojave,22957.56,CA
18100201,Whitewater River,3886.35,CA
18100202,Carrizo Creek,1692.72,"CA,MX"
18100203,San Felipe Creek,2734.6,CA
18100204,Salton Sea,12973.95,"CA,MX"
15030101,Havasu-Mohave Lakes,7208.26,"AZ,CA,NV"
16050102,Truckee,3152.8,"CA,NV"
16050201,Upper Carson,2482.68,"CA,NV"
16050301,East Walker,3110.41,"CA,NV"
16050302,West Walker,2698.12,"CA,NV"
16060015,Ivanpah-Pahrump Valleys,7415.51,"CA,NV"
18080003,Honey-Eagle Lakes,7262.61,"CA,NV"
18090202,Upper Amargosa,8826.13,"CA,NV"
18010204,Lost,7833.03,"CA,OR"
18010206,Upper Klamath,3686.68,"CA,OR"
18020001,Goose Lake,2818.23,"CA,OR"
01010009,Little River-Saint John River,4165.42,"CN,ME"
01010011,Keswick River-Saint John River,3639.8,"CN,ME"
01030001,Upper Kennebec,4131.34,"CN,ME"
04260000,Lake Erie,26237.62,"CN,MI,NY,OH,PA"
09020315,Upper Pembina River,3568.97,"CN,ND"
04150200,Lake Ontario,20480.68,"CN,NY"
04150409,Richelieu River,2565.47,"CN,NY,VT"
10180001,North Platte Headwaters,3689.37,CO
10190001,South Platte Headwaters,4154.89,CO
10190002,Upper South Platte,4790.8,CO
10190003,Middle South Platte-Cherry Creek,7439.9,CO
10190004,Clear,1477.21,CO
10190005,St. Vrain,2538.8,CO
10190006,Big Thompson,2156.02,CO
10190007,Cache La Poudre,4896.46,"CO,WY"
10190008,Lone Tree-Owl,1496.9,"CO,WY"
10190010,Kiowa,1856.47,CO
10190011,Bijou,3583.73,CO
10190012,Middle South Platte-Sterling,7725.48,"CO,NE"
10190013,Beaver,2865.6,CO
10190014,Pawnee,1874.42,CO
10250001,Arikaree,4783.66,"CO,KS,NE"
10250002,North Fork Republican,7636.94,"CO,KS,NE"
11020001,Arkansas Headwaters,7938.23,CO
11020002,Upper Arkansas,5970.26,CO
11020003,Fountain,2404.55,CO
11020004,Chico,1874.22,CO
11020005,Upper Arkansas-Lake Meredith,5733.35,CO
11020006,Huerfano,4817.55,CO
11020007,Apishapa,2788.23,CO
11020008,Horse,3689.95,CO
11020009,Upper Arkansas-John Martin Reservoir,9990.09,"CO,KS"
11020011,Big Sandy,4794.11,CO
11020012,Rush,3534.21,CO
11020013,Two Butte,2087.96,CO
11040004,Sand Arroyo,1972.65,"CO,KS"
13010001,Rio Grande Headwaters,3575.77,CO
13010002,Alamosa-Trinchera,6575.7,"CO,NM"
13010003,San Luis,4098.02,CO
13010004,Saguache,3478.22,CO
14010001,Colorado Headwaters,7515.7,CO
14010002,Blue,1769.36,CO
14010003,Eagle,2518.63,CO
14010004,Roaring Fork,3767.35,CO
14020001,East-Taylor,1986.22,CO
14020002,Upper Gunnison,6245.14,CO
14020003,Tomichi,2855.88,CO
14020004,North Fork Gunnison,2509.66,CO
14020005,Lower Gunnison,4306.26,CO
14020006,Uncompahgre,2887.22,CO
14030002,Upper Dolores,5587.79,"CO,UT"
14030003,San Miguel,4022.98,CO
14050001,Upper Yampa,6784.98,CO
14050002,Lower Yampa,4065.09,CO
14050005,Upper White,3532.89,CO
16020302,Pine Valley,1896.82,UT
16020303,Tule Valley,2461.87,UT
16020304,Rush-Tooele Valleys,3128.54,UT
16020305,Skull Valley,2106.67,UT
16020310,Great Salt Lake,4527.13,UT
16030001,Upper Sevier,3116.43,UT
16030002,East Fork Sevier,3216.93,UT
16030003,Middle Sevier,4796.93,UT
16030004,San Pitch,2229.8,UT
16030005,Lower Sevier,10621.41,UT
16030007,Beaver Bottoms-Upper Beaver,4472.62,UT
16030008,Lower Beaver,2078.94,UT
16030009,Sevier Lake,3613.93,UT
14030004,Lower Dolores,2390.29,"CO,UT"
14050007,Lower White,7056.9,"CO,UT"
14080203,Montezuma,3027.68,"CO,UT"
14040106,Upper Green-Flaming Gorge Reservoir,6476.4,"CO,UT,WY"
16010202,Middle Bear,3323.53,"ID,UT"
16010204,Lower Bear-Malad,3242.25,"ID,UT"
16020309,Curlew Valley,5855.82,"ID,UT"
16020306,Southern Great Salt Lake Desert,14177,"NV,UT"
16020308,Northern Great Salt Lake Desert,11801.57,"NV,UT"
16030006,Escalante Desert,8523.07,"NV,UT"
14040107,Blacks Fork,7106.46,"UT,WY"
02040304,Eastern Lower Delmarva,1961.25,VA
02070005,South Fork Shenandoah,4330.25,"VA,WV"
02070006,North Fork Shenandoah,2677.7,"VA,WV"
02080102,Great Wicomico-Piankatank,1740.07,"MD,VA"
02080103,Rapidan-Upper Rappahannock,4032.08,VA
02080104,Lower Rappahannock,2993.92,VA
02080105,Mattaponi,2359.4,VA
02080106,Pamunkey,3812.19,VA
02080107,York,755.96,VA
02080108,Lynnhaven-Poquoson,593.46,VA
02080201,Upper James,5728.73,"VA,WV"
02080202,Maury,2170.82,VA
02080203,Middle James-Buffalo,5240.27,VA
02080204,Rivanna,1989.41,VA
02080205,Middle James-Willis,2447.3,VA
02080206,Lower James,3733.47,VA
02080207,Appomattox,4170.68,VA
02080208,Hampton Roads,1308.87,VA
03010101,Upper Roanoke,5674.65,VA
03010105,Banister,1545.63,VA
05070202,Upper Levisa,3141.37,"KY,VA,WV"
02070008,Middle Potomac-Catoctin,3206.87,"DC,MD,VA,WV"
02080111,Pokomoke-Western Lower Delmarva,2787.92,"DE,MD,VA"
02070010,Middle Potomac-Anacostia-Occoquan,3374.3,"DC,MD,VA"
03010201,Nottoway,4463.26,"NC,VA"
03010202,Blackwater,1916.67,"NC,VA"
06010101,North Fork Holston,1882.22,"TN,VA"
02070007,Shenandoah,911.25,"MD,VA,WV"
05050002,Middle New,4350.84,"VA,WV"
01080105,White,1843.74,VT
04150402,Otter Creek,2443.11,VT
04150403,Winooski River,2753.75,VT
04150405,Lamoille River,1868.9,VT
04150407,Missiquoi River,2213.96,"CN,VT"
04150500,St. Francois River,7992.78,"CN,ME,NH,VT"
01080102,Passumpsic,1305.61,"NH,VT"
04030101,Manitowoc-Sheboygan,4221.85,WI
04030102,Door-Kewaunee,1930.96,WI
04030103,Duck-Pensaukee,862.01,WI
04030104,Oconto,2488.71,WI
04030105,Peshtigo,3158.35,WI
04030201,Upper Fox,4196.28,WI
04030202,Wolf,9650.08,WI
04030203,Lake Winnebago,1482.29,WI
04030204,Lower Fox,1677.96,WI
04040003,Milwaukee,2276.45,WI
07040005,Trempealeau,1888.9,WI
07040007,Black,5894.5,WI
07050003,South Fork Flambeau,1915.08,WI
07050004,Jump,2213.03,WI
07050005,Lower Chippewa,5337.91,WI
07050006,Eau Claire,2289.03,WI
07050007,Red Cedar,4897.41,WI
07070002,Lake Dubay,7043.24,WI
07070003,Castle Rock,8415.94,WI
07070004,Baraboo,1697.37,WI
07070005,Lower Wisconsin,6115.2,WI
07090001,Upper Rock,4902.8,WI
07090002,Middle Rock,4743.27,"IL,WI"
07030005,Lower St. Croix,6777.53,"MN,WI"
02070001,South Branch Potomac,3832.8,"MD,VA,WV"
05020002,West Fork,2280.21,WV
05030203,Little Kanawha,5981.57,WV
05050003,Greenbrier,4260.44,"VA,WV"
05050004,Lower New,1791.09,WV
05050005,Gauley,3679.5,WV
05050006,Upper Kanawha,1345.27,WV
05050007,Elk,3971.43,WV
05050009,Coal,2310.16,WV
14050006,Piceance-Yellow,2368.33,CO
14080102,Piedra,1751.83,CO
10250003,South Fork Republican,6987.29,"CO,KS,NE"
10250012,South Fork Beaver,1946.27,"CO,KS"
10260002,North Fork Smoky Hill,1889.82,"CO,KS"
11040003,North Fork Cimarron,2566.45,"CO,KS"
11040005,Bear,4932.48,"CO,KS"
10190016,Lower Lodgepole,3455.4,"CO,NE,WY"
11020010,Purgatoire,8933.44,"CO,NM"
14080107,Mancos,2077.04,"CO,NM"
14030001,Westwater Canyon,3769.18,"CO,UT"
14080202,McElmo,1856.91,"CO,UT"
10180002,Upper North Platte,7665.78,"CO,WY"
10180010,Upper Laramie,5886.24,"CO,WY"
10190009,Crow,3599.45,"CO,WY"
14050003,Little Snake,7926.93,"CO,WY"
10190015,Upper Lodgepole,3062.79,"CO,NE,WY"
01080207,Farmington,1571.6,"CT,MA"
01100002,Shetucket,1362.98,"CT,MA"
01100003,Thames,955.5,"CT,RI"
01100004,Quinnipiac,1326.97,CT
01080205,Lower Connecticut,2809.44,"CT,MA"
01080206,Westfield,1343.53,"CT,MA"
01100001,Quinebaug,1913.53,"CT,MA,RI"
01100006,Saugatuck,1163.38,"CT,NY"
01100005,Housatonic,5053.66,"CT,MA,NY"
02030203,Long Island Sound,3081.29,"CT,NY,RI"
02040207,Broadkill-Smyrna,1966.72,DE
02040204,Delaware Bay,1073.53,"DE,NJ"
02040205,Brandywine-Christina,1957.46,"DE,MD,PA"
03070205,Nassau,1317.44,"FL,GA"
03080101,Upper St. Johns,10228.29,FL
03080102,Oklawaha,7204.55,FL
03080103,Lower St. Johns,7347.13,FL
03080201,Daytona-St. Augustine,2546.16,FL
03080202,Cape Canaveral,2721.31,FL
03080203,Vero Beach,1512.34,FL
03090101,Kissimmee,7580.95,FL
03090102,Northern Okeechobee Inflow,797.96,FL
03090103,Western Okeechobee Inflow,2171.05,FL
03090201,Lake Okeechobee,2243.19,FL
03090202,Everglades,11791.59,FL
03090203,Florida Bay-Florida Keys,6299.03,FL
03090204,Big Cypress Swamp,8311.48,FL
03090205,Caloosahatchee,3625,FL
03090206,Florida Southeast Coast,9521.26,FL
03100101,Peace,6029.86,FL
03100102,Myakka,1557.99,FL
03100103,Charlotte Harbor,1979.81,FL
03100201,Sarasota Bay,1561.74,FL
03100202,Manatee,944,FL
03100203,Little Manatee,586.81,FL
03100204,Alafia,1091.84,FL
03100205,Hillsborough,1699.39,FL
03100206,Tampa Bay,2401.15,FL
03100207,Crystal-Pithlachascotee,4321.28,FL
03100208,Withlacoochee,5388.81,FL
03110101,Waccasassa,3046.63,FL
03110102,Econfina-Steinhatchee,5632.78,FL
03110205,Lower Suwannee,4091.74,FL
03110206,Santa Fe,3576.76,FL
03120003,Lower Ochlockonee,4030.72,"FL,GA"
03130011,Apalachicola,2876.69,"FL,GA"
03130013,New,1493.05,FL
03130014,Apalachicola Bay,1251.05,FL
03140101,St. Andrew-St. Joseph Bays,4183.79,FL
03140102,Choctawhatchee Bay,2013.59,FL
03140105,Pensacola Bay,1832.87,FL
03130012,Chipola,3347.99,"AL,FL"
03140103,Yellow,3559.78,"AL,FL"
03140104,Blackwater,2239.23,"AL,FL"
03140202,Pea,4027.83,"AL,FL"
03140203,Lower Choctawhatchee,4026.1,"AL,FL"
03140305,Escambia,1966.89,"AL,FL"
03130004,Lower Chattahoochee,3222.54,"AL,FL,GA"
03070204,St. Marys,4100.99,"FL,GA"
03110103,Aucilla,2467.1,"FL,GA"
03110201,Upper Suwannee,6861.42,"FL,GA"
03110202,Alapaha,4664.27,"FL,GA"
03110203,Withlacoochee,3905.5,"FL,GA"
03120001,Apalachee Bay-St. Marks,3403.38,"FL,GA"
03060104,Broad,3894.03,GA
03060105,Little,1989.25,GA
05070101,Upper Guyandotte,2434.24,WV
05070102,Lower Guyandotte,1917,WV
05090102,Twelvepole,1145.54,WV
05030201,Little Muskingum-Middle Island,4700.61,"OH,WV"
05030202,Upper Ohio-Shade,3669.74,"OH,WV"
05090101,Raccoon-Symmes,3778.87,"KY,OH,WV"
05020003,Upper Monongahela,1200.82,"PA,WV"
05020004,Cheat,3683.31,"MD,PA,WV"
05070201,Tug,4030.3,"KY,VA,WV"
02070003,Cacapon-Town,3120.25,"MD,PA,VA,WV"
02070004,Conococheague-Opequon,5897.89,"MD,PA,VA,WV"
10080001,Upper Wind,6602.41,WY
10080002,Little Wind,2888.91,WY
10080003,Popo Agie,2080.79,WY
10080004,Muskrat,1904.69,WY
10080005,Lower Wind,4418.15,WY
10080006,Badwater,2217.27,WY
10080007,Upper Bighorn,8994.44,WY
10080008,Nowood,5209.25,WY
10080009,Greybull,2977.61,WY
10080011,Dry,1128.94,WY
10080012,North Fork Shoshone,2211.37,WY
10080013,South Fork Shoshone,1685.13,WY
10090201,Middle Fork Powder,2541.86,WY
10090202,Upper Powder,6495.02,WY
10090203,South Fork Powder,3151.21,WY
10090204,Salt,2089.25,WY
10090205,Crazy Woman,2473.86,WY
10090206,Clear,2988.99,WY
10120101,Antelope,2692.41,WY
10120102,Dry Fork Cheyenne,1280.94,WY
10120103,Upper Cheyenne,3721.43,WY
10120104,Lance,2815.59,WY
10120105,Lightning,2597.67,WY
10180003,Pathfinder-Seminoe Reservoirs,2669.36,WY
10180004,Medicine Bow,3733.46,WY
10180005,Little Medicine Bow,2650.53,WY
10180006,Sweetwater,7513.85,WY
10180007,Middle North Platte-Casper,8996.46,WY
10180008,Glendo Reservoir,5510.33,WY
10180011,Lower Laramie,6046.54,WY
14040101,Upper Green,7601.9,WY
14040102,New Fork,3264.76,WY
14040103,Upper Green-Slate,3963.5,WY
14040104,Big Sandy,4600.06,WY
14040105,Bitter,5773.65,WY
14040200,Great Divide Closed Basin,9947.54,WY
14050004,Muddy,2607.44,WY
10070001,Yellowstone Headwaters,6715.07,"MT,WY"
10070006,Clarks Fork Yellowstone,7233.09,"MT,WY"
10080010,Big Horn Lake,4666.64,"MT,WY"
10080014,Shoshone,3823.62,"MT,WY"
10090101,Upper Tongue,6566.17,"MT,WY"
10090208,Little Powder,5249.4,"MT,WY"
10110201,Upper Little Missouri,8994.32,"MT,ND,SD,WY"
10180012,Horse,4413.14,"NE,WY"
10120201,Upper Belle Fourche,7607.59,"SD,WY"
14040108,Muddy,2500.18,"UT,WY"
17100309,Applegate,1995.3,"CA,OR"
17100311,Illinois,2563.89,"CA,OR"
17100312,Chetco,2007.02,"CA,OR"
17110001,Sumas River,1621.89,"CN,WA"
17120007,Warner Lakes,4909.02,"CA,NV,OR"
17120008,Guano,7713.35,"NV,OR"
17100201,Necanicum,820.08,OR
17100202,Nehalem,2214.93,OR
17100203,Wilson-Trusk-Nestuccu,2949.62,OR
17100204,Siletz-Yaquina,2270.93,OR
17100205,Alsea,2174.5,OR
17100206,Siuslaw,2007.64,OR
17100207,Siltcoos,570.68,OR
17100301,North Umpqua,3558.44,OR
17100302,South Umpqua,4664.95,OR
17100303,Umpqua,3917.14,OR
17100304,Coos,2298.94,OR
17100305,Coquille,2737.6,OR
17100306,Sixes,1949.45,OR
17100307,Upper Rogue,4183.13,OR
17100308,Middle Rogue,2284.48,OR
17100310,Lower Rogue,2349.67,OR
17120001,Harney-Malheur Lakes,3761.91,OR
17120002,Silvies,3414.37,OR
17120003,Donner und Blitzen,2045.47,OR
17120004,Silver,4361.23,OR
17120005,Summer Lake,10708.85,OR
17120006,Lake Abert,2670.83,OR
17120009,Alvord Lake,5558.31,"NV,OR"
17100101,Hoh-Quillayute,3907.26,WA
17100102,Queets-Quinault,3530.95,WA
17100104,Lower Chehalis,2118.55,WA
17100105,Grays Harbor,1520.73,WA
17100106,Willapa Bay,3282.29,"OR,WA"
17110004,Nooksack,2639.26,"CN,WA"
17110006,Sauk,1896.86,WA
17110007,Lower Skagit,1172.42,WA
17110008,Stillaguamish,1818.76,WA
17110010,Snoqualmie,1788.75,WA
17110011,Snohomish,768.69,WA
17110012,Lake Washington,1572.34,WA
17110013,Duwamish,1257.91,WA
17110014,Puyallup,2550.7,WA
03060108,Brier,2198.29,GA
03060201,Upper Ogeechee,4754.91,GA
03060202,Lower Ogeechee,3072.11,GA
03060203,Canoochee,3594.43,GA
03060204,Ogeechee Coastal,3960.08,GA
03070101,Upper Oconee,7550.2,GA
03070102,Lower Oconee,6243.73,GA
03070103,Upper Ocmulgee,7700.64,GA
03070104,Lower Ocmulgee,6021.6,GA
03070105,Little Ocmulgee,2082.52,GA
03070106,Altamaha,4307.81,GA
03070107,Ohoopee,3484.02,GA
03070201,Satilla,6690.97,GA
03070202,Little Satilla,2061.48,GA
03110204,Little,2308.97,GA
03120002,Upper Ochlockonee,2400.88,GA
03130001,Upper Chattahoochee,4106.87,GA
03130005,Upper Flint,6811.01,GA
03130006,Middle Flint,4035.67,GA
03130007,Kinchafoonee-Muckalee,2851.7,GA
03130008,Lower Flint,3300.64,"FL,GA"
03130009,Ichawaynochaway,2859.48,GA
03130010,Spring,2042.84,GA
03150101,Conasauga,1883.19,"GA,TN"
03150102,Coosawattee,2231.77,GA
03150103,Oostanaula,1452.99,GA
03150104,Etowah,4821.33,GA
06020003,Ocoee,1655.29,"GA,NC,TN"
06020001,Middle Tennessee-Chickamauga,4827.2,"AL,GA,TN"
03070203,Cumberland-St. Simons,2470.32,"FL,GA"
06020002,Hiwassee,5325.14,"GA,NC,TN"
03060109,Lower Savannah,2603.96,"GA,SC"
22010000,Guam,1476.2,GU
20010000,Hawaii,13190.64,HI
20020000,Maui,3242.72,HI
20030000,Kahoolawe,495.74,HI
20040000,Lanai,918.7,HI
20050000,Molokai,1672.48,HI
20060000,Oahu,2892.37,HI
20070000,Kauai,2401.67,HI
20080000,Niihau,744.13,HI
07060002,Upper Iowa,2588.68,"IA,MN"
07060004,Turkey,4387.24,IA
07060006,Maquoketa,4844.04,IA
07080102,Upper Wapsipinicon,4060.53,"IA,MN"
07080103,Lower Wapsipinicon,2541.83,IA
07080105,South Skunk,4774.75,IA
07080106,North Skunk,2259.61,IA
07080107,Skunk,4231.12,IA
07080203,Winnebago,1782.95,"IA,MN"
07080204,West Fork Cedar,2230.3,IA
07080205,Middle Cedar,6259.6,IA
07080206,Lower Cedar,2845.97,IA
07080207,Upper Iowa,3770.97,IA
07080208,Middle Iowa,4292.37,IA
07080209,Lower Iowa,4366.13,IA
07100002,Upper Des Moines,2786.66,"IA,MN"
07100003,East Fork Des Moines,3385.6,"IA,MN"
07100004,Middle Des Moines,4468.9,IA
07100005,Boone,2352.86,IA
07100006,North Raccoon,6399.54,IA
07100007,South Raccoon,2944.48,IA
07100008,Lake Red Rock,6326.29,IA
07100009,Lower Des Moines,5546.97,"IA,MO"
10230002,Floyd,2372.79,IA
10230003,Little Sioux,7334.58,"IA,MN"
10230004,Monona-Harrison Ditch,2502.51,IA
10230005,Maple,1916.4,IA
10230007,Boyer,3081.96,IA
10240002,West Nishnabotna,4277.46,IA
10240003,East Nishnabotna,2975.19,IA
10240009,West Nodaway,2059.1,IA
07060005,Apple-Plum,3849.79,"IA,IL,WI"
07020009,Blue Earth,4054.26,"IA,MN"
07080201,Upper Cedar,4362.98,"IA,MN"
07080202,Shell Rock,2797.79,"IA,MN"
10170204,Rock,4348.2,"IA,MN"
10240004,Nishnabotna,453.33,"IA,MO,NE"
10240013,One Hundred and Two,2011.47,"IA,MO"
10280102,Thompson,5701.21,"IA,MO"
10230001,Blackbird-Soldier,4166.71,"IA,NE,SD"
10230006,Big Papillion-Mosquito,2884.81,"IA,NE"
10170203,Lower Big Sioux,8854.54,"IA,MN,NE,SD"
07060003,Grant-Little Maquoketa,2899.51,"IA,WI"
16010201,Bear Lake,3281.27,"ID,UT"
16010102,Central Bear,2122.72,"ID,UT,WY"
05120109,Vermilion,3707.96,"IL,IN"
05120112,Embarras,6308.82,IL
05120114,Little Wabash,5547.78,IL
05120115,Skillet,2750.77,IL
05140204,Saline,3049.4,"IL,KY"
07090006,Kishwaukee,3250.09,"IL,WI"
07090007,Green,2923.64,IL
07120005,Upper Illinois,2606.49,IL
07120007,Lower Fox,2857.07,IL
07130001,Lower Illinois-Senachwine Lake,5075.93,IL
07130002,Vermilion,3452.81,IL
07130003,Lower Illinois-Lake Chautauqua,4202.8,IL
07130005,Spoon,4831.22,IL
07130006,Upper Sangamon,3732.18,IL
07130007,South Fork Sangamon,3029.6,IL
17110015,Nisqually,1991.42,WA
17110016,Deschutes,442.17,WA
17110017,Skokomish,634.47,WA
17110018,Hood Canal,2459.09,WA
17110019,Puget Sound,6355.87,WA
17110002,Strait of Georgia,2866.83,"CN,WA"
17110003,San Juan Islands,3130.08,"CN,WA"
17110005,Upper Skagit,5206.9,"CN,WA"
17110020,Dungeness-Elwha,4233.59,"CN,WA"
17110021,Crescent-Hoko,6393.74,"CN,WA"
17010106,Elk,4414.76,"CN,MT"
17010301,Upper Coeur d'Alene,2322.03,"ID,MT"
17010302,South Fork Coeur d'Alene,774.41,"ID,MT"
17010303,Coeur d'Alene Lake,1707.21,"ID,WA"
17010304,St. Joe,4780.72,"ID,MT"
17040104,Palisades,2358.05,"ID,WY"
17040201,Idaho Falls,1458.28,ID
17040202,Upper Henrys,2838.31,"ID,MT,WY"
17040203,Lower Henrys,2915.39,"ID,WY"
17040205,Willow,1794.43,ID
17040206,American Falls,5592.98,ID
17040207,Blackfoot,3290.3,ID
17040208,Portneuf,4344,ID
17040209,Lake Walcott,8702.4,ID
17040212,Upper Snake-Rock,6602.16,ID
17040214,Beaver-Camas,3288.95,"ID,MT"
17040215,Medicine Lodge,3006.29,"ID,MT"
17040216,Birch,1573.57,"ID,MT"
17040217,Little Lost,2495.87,ID
17040218,Big Lost,6354.82,ID
17040219,Big Wood,3713.98,ID
17040220,Camas,1779.73,ID
17040221,Little Wood,3163.82,ID
17050101,C.J. Strike Reservoir,5392.26,ID
17050111,North and Middle Forks Boise,1967.91,ID
17050112,Boise-Mores,1608.32,ID
17050113,South Fork Boise,3383.57,ID
17050114,Lower Boise,3440.77,ID
17050120,South Fork Payette,2124.11,ID
17050121,Middle Fork Payette,877.76,ID
17050122,Payette,3171.15,ID
17050123,North Fork Payette,2402.45,ID
17050124,Weiser,4363.65,ID
17060201,Upper Salmon,6279.48,ID
17060202,Pahsimeroi,2150.78,ID
17060203,Middle Salmon-Panther,4718.54,"ID,MT"
17060204,Lemhi,3267.12,"ID,MT"
17060205,Upper Middle Fork Salmon,3889.59,ID
17060206,Lower Middle Fork Salmon,3562.59,ID
17060207,Middle Salmon-Chamberlain,4435.67,"ID,MT"
17060208,South Fork Salmon,3393.69,ID
17060209,Lower Salmon,3056.82,ID
17060210,Little Salmon,1493.87,ID
17060301,Upper Selway,2548.96,"ID,MT"
17060302,Lower Selway,2659.14,"ID,MT"
17060303,Lochsa,3060.21,"ID,MT"
17060304,Middle Fork Clearwater,565.55,ID
17060305,South Fork Clearwater,3052.4,ID
17060306,Clearwater,6102.02,"ID,WA"
17060307,Upper North Fork Clearwater,3358.12,"ID,MT"
17060308,Lower North Fork Clearwater,2971.73,ID
17010104,Lower Kootenai,9700.1,"CN,ID,MT"
17010105,Moyie,2031.68,"CN,ID,MT"
17040211,Goose,2795.91,"ID,NV,UT"
17050103,Middle Snake-Succor,6065.24,"ID,OR"
17050107,Middle Owyhee,3872.36,"ID,NV,OR"
17050108,Jordan,3385.43,"ID,OR"
17050115,Middle Snake-Payette,751.55,"ID,OR"
17060101,Hells Canyon,1402.25,"ID,OR"
17010214,Pend Oreille Lake,3141.11,"ID,WA"
17010215,Priest,2541.2,"CN,ID,WA"
17010306,Hangman,1794.04,"ID,WA"
17040105,Salt,2308.83,"ID,WY"
17040204,Teton,2885.92,"ID,WY"
17010102,Fisher,2182.97,MT
17010201,Upper Clark Fork,4856.24,MT
17010202,Flint-Rock,4712.86,MT
17010203,Blackfoot,5990.08,MT
17010204,Middle Clark Fork,5140.06,"ID,MT"
17010205,Bitterroot,7401.71,"ID,MT"
17010207,Middle Fork Flathead,2939.43,MT
17010208,Flathead Lake,3084.46,MT
17010209,South Fork Flathead,4340.52,MT
17010210,Stillwater,2018.38,MT
17010211,Swan,1888.1,MT
17010212,Lower Flathead,5202.81,MT
17010103,Yaak,2050.6,"CN,ID,MT"
17010206,North Fork Flathead,4057.75,"CN,MT"
17010213,Lower Clark Fork,6051.77,"ID,MT"
17010101,Middle Kootenai,9537.2,"CN,ID,MT"
17050102,Bruneau,8749.32,"ID,NV"
17050104,Upper Owyhee,5551.67,"ID,NV"
17050105,South Fork Owyhee,4856.41,"ID,NV,OR"
17050106,East Little Owyhee,2395.72,"ID,NV,OR"
17050109,Crooked-Rattlesnake,3443.02,OR
17050110,Lower Owyhee,5116.41,OR
17050116,Upper Malheur,6289.23,OR
17050118,Bully,1517.64,OR
17050119,Willow,1967.57,OR
07130008,Lower Sangamon,2311.11,IL
07130009,Salt,4836.37,IL
07130010,La Moine,3494.65,IL
07130011,Lower Illinois,5886.72,IL
07130012,Macoupin,2524.41,IL
07140106,Big Muddy,6178.53,IL
07140108,Cache,947.42,IL
07140201,Upper Kaskaskia,4062.66,IL
07140202,Middle Kaskaskia,4449.88,IL
07140203,Shoal,2373.76,IL
07140204,Lower Kaskaskia,4160.7,IL
07080101,Copperas-Duck,2568.51,"IA,IL"
07080104,Flint-Henderson,6257.38,"IA,IL,MO"
05120113,Lower Wabash,3399.63,"IL,IN"
07120002,Iroquois,5537.44,"IL,IN"
07120003,Chicago,1698.71,"IL,IN"
05140203,Lower Ohio-Bay,2706.83,"IL,KY"
07110004,The Sny,5146.75,"IL,MO"
07110009,Peruque-Piasa,1732.31,"IL,MO"
07140101,Cahokia-Joachim,4262.72,"IL,MO"
07140105,Upper Mississippi-Cape Girardeau,4472.95,"IL,KY,MO"
07110001,Bear-Wyaconda,4471,"IA,IL,MO"
04040002,Pike-Root,1082.93,"IL,WI"
07090003,Pecatonica,4869.57,"IL,WI"
07090004,Sugar,1969.81,"IL,WI"
07120004,Des Plaines,3769.72,"IL,WI"
07120006,Upper Fox,3999.29,"IL,WI"
04040001,Little Calumet-Galien,1794.58,"IL,IN,MI"
04100005,Upper Maumee,1003.29,"IN,OH"
05080003,Whitewater,3821.47,"IN,OH"
05120102,Salamonie,1450.7,IN
05120104,Eel,2114.43,IN
05120105,Middle Wabash-Deer,1732.77,IN
05120106,Tippecanoe,5046.87,IN
05120107,Wildcat,2084.4,IN
05120110,Sugar,2101.24,IN
05120201,Upper White,7044.2,IN
05120202,Lower White,4333.86,IN
05120203,Eel,3128.58,IN
05120204,Driftwood,3018.64,IN
05120205,Flatrock-Haw,1548.55,IN
05120206,Upper East Fork White,2101.42,IN
05120207,Muscatatuck,2954.39,IN
05120208,Lower East Fork White,5254.25,IN
05120209,Patoka,2229.19,IN
05120108,Middle Wabash-Little Vermilion,5892.13,"IL,IN"
05120111,Middle Wabash-Busseron,5252.94,"IL,IN"
07120001,Kankakee,7845.52,"IL,IN,MI"
05140101,Silver-Little Kentucky,3267.38,"IN,KY"
04050001,St. Joseph,12208.69,"IN,MI"
04100003,St. Joseph,2830.23,"IN,MI,OH"
05090203,Middle Ohio-Laughery,3652.65,"IN,KY,OH"
05120103,Mississinewa,2114.79,"IN,OH"
10250010,Upper Sappa,2747.69,KS
10250015,Prairie Dog,2871.98,"KS,NE"
10250017,Lower Republican,5125.4,KS
10260001,Smoky Hill Headwaters,2726.62,"CO,KS"
10260003,Upper Smoky Hill,3828.82,KS
10260005,Hackberry,1680.03,KS
10260006,Middle Smoky Hill,4089.9,KS
10260007,Big,2231.72,KS
10260008,Lower Smoky Hill,5174.09,KS
10260009,Upper Saline,4976.13,KS
10260010,Lower Saline,3524.76,KS
10260011,Upper North Fork Solomon,3634.57,KS
10260012,Lower North Fork Solomon,3480.12,"KS,NE"
10260013,Upper South Fork Solomon,2996.56,KS
10260014,Lower South Fork Solomon,2754.81,KS
10260015,Solomon,4912.87,KS
10270101,Upper Kansas,1389.65,KS
10270102,Middle Kansas,5647.86,KS
10270103,Delaware,2996.49,KS
10270104,"Lower Kansas, Kansas",4287.72,"KS,MO"
10290101,Upper Marais Des Cygnes,5636.78,KS
11030001,Middle Arkansas-Lake McKinney,5956.4,"CO,KS"
11030003,Arkansas-Dodge City,2639.17,KS
11030004,Coon-Pickerel,4853.5,KS
11030005,Pawnee,4630.69,KS
11030006,Buckner,2352.95,KS
11030007,Upper Walnut Creek,2403.4,KS
11030008,Lower Walnut Creek,2095.49,KS
11030009,Rattlesnake,3226.67,KS
11030010,Gar-Peace,1654.53,KS
11030011,Cow,2479.93,KS
11030012,Little Arkansas,3684.47,KS
11030013,Middle Arkansas-Slate,2350.49,KS
11030014,North Fork Ninnescah,2754.91,KS
11030015,South Fork Ninnescah,2099.43,KS
11030017,Upper Walnut River,2513.03,KS
11030018,Lower Walnut River,2658.33,KS
11040007,Crooked,3742.64,"KS,OK"
11070101,Upper Verdigris,3102.1,KS
11070102,Fall,2226.79,KS
11070104,Elk,1815.82,KS
11070201,Neosho Headwaters,2927.99,KS
11070203,Lower Cottonwood,2493.7,KS
11070204,Upper Neosho,3526.34,KS
11070205,Middle Neosho,3691.26,"KS,OK"
10250013,Little Beaver,1666.16,"CO,KS"
17050202,Burnt,2847.53,OR
17050203,Powder,4423.37,OR
17060102,Imnaha,2203.25,OR
17060104,Upper Grande Ronde,4238.12,OR
17060105,Wallowa,2471.17,OR
17060106,Lower Grande Ronde,3932.5,"OR,WA"
17070103,Umatilla,6541.57,OR
17070104,Willow,2246.61,OR
17070201,Upper John Day,5540.2,OR
17070202,North Fork John Day,4787.4,OR
17070203,Middle Fork John Day,2051.84,OR
17070204,Lower John Day,8155.46,OR
17070301,Upper Deschutes,5579.65,OR
17070302,Little Deschutes,2725.92,OR
17070303,Beaver-South Fork,3964.34,OR
17070304,Upper Crooked,2993.92,OR
17070305,Lower Crooked,4786.99,OR
17070306,Lower Deschutes,5946.02,OR
17070307,Trout,1792.71,OR
17090001,Middle Fork Willamette,3540.44,OR
17090002,Coast Fork Willamette,1726.16,OR
17090003,Upper Willamette,4849.59,OR
17090004,Mckenzie,3468.2,OR
17090005,North Santiam,1979.34,OR
17090006,South Santiam,2696.18,OR
17090007,Middle Willamette,1841.42,OR
17090008,Yamhill,1998.24,OR
17090009,Molalla-Pudding,2267.5,OR
17090010,Tualatin,1835.76,OR
17090011,Clackamas,2441.65,OR
17050201,Brownlee Reservoir,3374.63,"ID,OR"
17060103,Lower Snake-Asotin,1803.4,"ID,OR,WA"
17070101,Middle Columbia-Lake Wallula,6644.5,"OR,WA"
17070102,Walla Walla,4600.97,"OR,WA"
17070105,Middle Columbia-Hood,5589.01,"OR,WA"
17080001,Lower Columbia-Sandy,2264.34,"OR,WA"
17080003,Lower Columbia-Clatskanie,2964.24,"OR,WA"
17080006,Lower Columbia,1756.04,"OR,WA"
17040210,Raft,3819.77,"ID,UT"
17010307,Lower Spokane,2312.96,WA
17010308,Little Spokane,1836.93,"ID,WA"
17020003,Colville,2635.28,WA
17020004,Sanpoil,2541.32,WA
17020005,Chief Joseph,3467.06,WA
17020008,Methow,4710.87,WA
17020009,Lake Chelan,2415.14,WA
17020010,Upper Columbia-Entiat,3878.95,WA
17020011,Wenatchee,3440.91,WA
17020012,Moses Coulee,2410.05,WA
17020013,Upper Crab,4810.35,WA
17020014,Banks Lake,1595.57,WA
17020015,Lower Crab,6425.25,WA
17020016,Upper Columbia-Priest Rapids,5413.89,WA
17030001,Upper Yakima,5539.83,WA
17030002,Naches,2860.6,WA
17030003,Lower Yakima,7527.76,WA
17060110,Lower Snake,1876.94,WA
17070106,Klickitat,3501.91,WA
17080002,Lewis,2721.46,WA
17080004,Upper Cowlitz,2655.3,WA
17080005,Lower Cowlitz,3758.66,WA
17020001,Franklin D. Roosevelt Lake,10518.9,"CN,WA"
17020002,Kettle,10837.01,"CN,WA"
17020006,Okanogan,12120.92,"CN,WA"
17020007,Similkameen,9270.23,"CN,WA"
17010216,Pend Oreille,4232.21,"CN,ID,WA"
17010305,Upper Spokane,1523.24,"ID,WA"
17060107,Lower Snake-Tucannon,3778.7,"ID,WA"
17060108,Palouse,6018.4,"ID,WA"
17060109,Rock,2473.29,"ID,WA"
17040101,Snake Headwaters,4431.06,WY
17040102,Gros Ventre,1617.35,WY
17040103,Greys-Hobock,4096.91,"ID,WY"
17090012,Lower Willamette,1053.19,OR
10260004,Ladder,3669.04,"CO,KS"
11030002,Whitewoman,3775.53,"CO,KS"
10300101,Lower Missouri-Crooked,6990.76,"KS,MO"
11070207,Spring,6707.89,"KS,MO,OK"
10240005,Tarkio-Wolf,4405.33,"IA,KS,MO,NE"
10240007,South Fork Big Nemaha,1841.38,"KS,NE"
10250011,Lower Sappa,1691.85,"KS,NE"
10250016,Middle Republican,5623.95,"KS,NE"
10270205,Lower Big Blue,4419.87,"KS,NE"
10270207,Lower Little Blue,3469.41,"KS,NE"
11040006,Upper Cimarron-Liberal,4486.89,"KS,OK"
11060003,Medicine Lodge,3313.18,"KS,OK"
05070203,Lower Levisa,2884.09,KY
05070204,Big Sandy,1062.99,"KY,WV"
05090104,Little Sandy,1875.79,KY
05100101,Licking,7196.38,KY
05100102,South Fork Licking,2401.49,KY
05100201,North Fork Kentucky,3428.89,"KY,VA"
05100202,Middle Fork Kentucky,1448.17,KY
05100203,South Fork Kentucky,1937.29,KY
05100204,Upper Kentucky,2832.79,KY
05100205,Lower Kentucky,8393.67,KY
05110001,Upper Green,8133.88,KY
05110002,Barren,5866.43,"KY,TN"
05110003,Middle Green,2661.48,KY
05110004,Rough,2799.62,KY
05110005,Lower Green,2390.66,KY
05110006,Pond,2064.76,KY
05130102,Rockcastle,1977.51,KY
05130103,Upper Cumberland-Lake Cumberland,4874.85,"KY,TN"
05140102,Salt,3805.48,KY
05140103,Rolling Fork,3754.21,KY
05140205,Tradewater,2442.05,KY
06040006,Lower Tennessee,1807.45,"KY,TN"
05140206,Lower Ohio,2392.03,"IL,KY"
05140104,Blue-Sinking,4916.44,"IN,KY"
05140201,Lower Ohio-Little Pigeon,3615.63,"IN,KY"
05140202,Highland-Pigeon,2684.24,"IL,IN,KY"
05090103,Little Scioto-Tygarts,2610.04,"KY,OH,WV"
05090201,Ohio Brush-Whiteoak,5438.86,"KY,OH"
08010201,Bayou De Chien-Mayfield,2513.55,"KY,TN"
08040207,Lower Ouachita,1908.76,LA
08040301,Lower Red,2350.15,LA
08040302,Castor,2479.35,LA
08040303,Dugdemona,2420.07,LA
08040304,Little,2597.21,LA
08040305,Black,191.23,LA
08040306,Bayou Cocodrie,1441.52,LA
08050003,Tensas,3597.48,LA
08070100,Lower Mississippi-Baton Rouge,601.89,"LA,MS"
08070203,Tickfaw,1880.29,"LA,MS"
08070204,Lake Maurepas,1846.4,LA
08070300,Lower Grand,2058.66,LA
08080101,Atchafalaya,5164.35,LA
08080102,Bayou Teche,5730.54,LA
08080103,Vermilion,5217.06,LA
08080201,Mermentau Headwaters,3606.64,LA
08080202,Mermentau,6663.64,LA
08080203,Upper Calcasieu,3912.3,LA
08080204,Whisky Chitto,2282.16,LA
08080205,West Fork Calcasieu,1946.66,LA
08080206,Lower Calcasieu,3286.77,LA
08090100,Lower Mississippi-New Orleans,2221.28,LA
08090201,Liberty Bayou-Tchefuncta,1798.98,LA
08090202,Lake Pontchartrain,1657.62,LA
08090203,Eastern Louisiana Coastal,8565.21,"LA,MS"
08090301,East Central Louisiana Coastal,6993.9,LA
08090302,West Central Louisiana Coastal,8003.21,LA
11140202,Middle Red-Coushatta,619.05,LA
11140204,Red Chute,1095.65,LA
11140206,Bayou Pierre,2902.16,"LA,TX"
11140207,Lower Red-Lake Iatt,3692.72,LA
11140208,Saline Bayou,1266.65,LA
11140209,Black Lake Bayou,2346.69,LA
08040202,Lower Ouachita-Bayou De Loutre,3401.5,"AR,LA"
08040205,Bayou Bartholomew,4311.61,"AR,LA"
08040206,Bayou D'Arbonne,4974.39,"AR,LA"
08050001,Boeuf,7478.67,"AR,LA"
08050002,Bayou Macon,2637.5,"AR,LA"
11140203,Loggy Bayou,3871.06,"AR,LA"
03180005,Bogue Chitto,3130.44,"LA,MS"
08030208,Lower Yazoo,518.84,"LA,MS"
08030209,Deer-Steele,2121.35,"LA,MS"
08060100,Lower Mississippi-Natchez,1793.03,"LA,MS"
08070201,Bayou Sara-Thompson,1799.68,"LA,MS"
08070202,Amite,4878.9,"LA,MS"
08030100,Lower Mississippi-Greenville,1556.55,"AR,LA,MS"
12010005,Lower Sabine,6843.55,"LA,TX"
11140304,Cross Bayou,2017.84,"AR,LA,TX"
01070004,Nashua,1379.21,"MA,NH"
01070005,Concord,1036.63,MA
01080202,Miller,1007.77,"MA,NH"
01080204,Chicopee,1871.53,MA
01090002,Cape Cod,8823.39,"MA,RI"
01070006,Merrimack River,4662.81,"MA,NH"
01080201,Middle Connecticut,2636.71,"MA,NH,VT"
02020003,Hudson-Hoosic,4936.2,"MA,NY,VT"
01090003,Blackstone,1228.46,"MA,RI"
01080203,Deerfield,1718.23,"MA,VT"
02060001,Upper Chesapeake Bay,1962.73,MD
02060003,Gunpowder-Patapsco,3671.32,"MD,PA"
02060004,Severn,954.93,MD
02060006,Patuxent,2401.1,MD
02060002,Chester-Sassafras,3372.8,"DE,MD,PA"
02060005,Choptank,2844.44,"DE,MD"
02080109,Nanticoke,2142.43,"DE,MD"
02070009,Monocacy,2511.12,"MD,PA"
02070011,Lower Potomac,4677.15,"MD,VA"
02080101,Lower Chesapeake Bay,3048.19,"MD,VA"
02080110,Tangier,2515.3,"DE,MD,VA"
02040303,Chincoteague,2717.49,"DE,MD,NJ,VA"
02070002,North Branch Potomac,3478.65,"MD,PA,WV"
05020006,Youghiogheny,4561.04,"MD,PA,WV"
01010002,Allagash,3198.37,ME
01010003,Fish,2306.21,ME
01010004,Aroostook,6320.85,"CN,ME"
01010005,Meduxnekeag,1328.87,"CN,ME"
01020001,West Branch Penobscot,5520.76,"CN,ME"
01020002,East Branch Penobscot,2899.62,ME
01020003,Mattawamkeag,3915.12,ME
01020004,Piscataquis,3764.07,ME
01020005,Lower Penobscot,6200.38,ME
01030002,Dead,2271.95,"CN,ME"
01030003,Lower Kennebec,8885.43,ME
01050002,Maine Coastal,12478.02,ME
01050003,St. George-Sheepscot,3546.15,ME
01060001,Presumpscot,3688.27,ME
01010006,Headwaters Saint John River,3135.27,"CN,ME"
01010007,Big Black River-Saint John River,3844.67,"CN,ME"
01010008,St. Francis River-Saint John River,6027.12,"CN,ME"
01010010,Becaguimec Stream-Saint John River,2527.09,"CN,ME"
01050001,St. Croix,4263.85,"CN,ME"
01050004,Passamaquoddy Bay-Bay of Fundy,9668.04,"CN,ME"
04150600,Chaudiere River,6707.1,"CN,ME"
01040002,Lower Androscoggin,5586.4,"ME,NH"
04030109,Cedar-Ford,2639.77,MI
04050002,Black-Macatawa,1574.9,MI
04050003,Kalamazoo,5261.71,MI
04050004,Upper Grand,4558.7,MI
04050005,Maple,2449.62,MI
04050006,Lower Grand,5235.98,MI
04050007,Thornapple,2199,MI
04060101,Pere Marquette-White,5394.88,MI
04060104,Betsie-Platte,2061.33,MI
04080202,Pine,2656.32,MI
04090004,Detroit,2298.11,"CN,MI"
04090005,Huron,2378.31,MI
04100002,Raisin,2753.31,"MI,OH"
04030108,Menominee,5938.62,"MI,WI"
07010102,Leech Lake,3473.87,MN
07010105,Pine,2028.21,MN
07010106,Crow Wing,5136.78,MN
07010107,Redeye,2315.27,MN
07010108,Long Prairie,2287.19,MN
07010201,Platte-Spunk,2654.87,MN
07010202,Sauk,2700.89,MN
07010203,Clearwater-Elk,2905.03,MN
07010204,Crow,3825.41,MN
07010205,South Fork Crow,3312.26,MN
07010206,Twin Cities,2609.29,MN
07010207,Rum,4105.01,MN
07020002,Pomme De Terre,2266.1,MN
07020004,Hawk-Yellow Medicine,5392.69,"MN,SD"
07020005,Chippewa,5381.99,MN
07020006,Redwood,1810.32,MN
07020007,Middle Minnesota,3489.38,MN
07020008,Cottonwood,3402.4,MN
07020010,Watonwan,2262.85,MN
07020011,Le Sueur,2879.8,MN
07020012,Lower Minnesota,4755.61,MN
07030004,Snake,2606.38,MN
07040002,Cannon,3809.23,MN
07040004,Zumbro,3682.9,MN
07040008,Root,4310.17,"IA,MN"
07100001,Des Moines Headwaters,3231.05,MN
09020102,Mustinka,2227.51,MN
09020103,Otter Tail,4943.61,MN
09020106,Buffalo,2928.07,"MN,ND"
09020108,Eastern Wild Rice,4235.2,MN
09020303,Red Lake,3468.14,MN
09020305,Clearwater,3517.89,MN
09020306,Grand Marais-Red,1644.17,"MN,ND"
09020309,Snake,2015.85,MN
09020312,Two Rivers,2822.21,"CN,MN"
09020104,Upper Red,1695.55,"MN,ND"
09020301,Sandhill-Wilson,3049.57,"MN,ND"
09020311,Middle Red,6377.63,"CN,MN,ND"
07020001,Upper Minnesota,5515.24,"MN,ND,SD"
07040001,Rush-Vermillion,2880.61,"MN,WI"
07040003,Buffalo-Whitewater,3603.22,"MN,WI"
07040006,La Crosse-Pine,1800,"MN,WI"
07110003,South Fabius,1605.28,MO
07110005,North Fork Salt,2314.55,MO
07110006,South Fork Salt,3143.6,MO
07110007,Salt,2056.52,MO
07110008,Cuivre,3268.14,MO
07140102,Meramec,5568.39,MO
07140103,Bourbeuse,2185.12,MO
07140104,Big,2512.8,MO
07140107,Whitewater,3088.17,MO
08010300,Town of Madrid-Saint Johns Bayou,1782.81,MO
08020202,Upper St. Francis,3361.88,MO
10280202,Lower Chariton,2640.86,MO
10280203,Little Chariton,1809.6,MO
10290105,Harry S. Truman Reservoir,3117.15,MO
10290106,Sac,5104.04,MO
10290107,Pomme De Terre,2190.65,MO
10290108,South Grand,5302.23,"KS,MO"
10290109,Lake of the Ozarks,3591.47,MO
10290110,Niangua,2666.06,MO
10290111,Lower Osage,2791.4,MO
10290201,Upper Gasconade,4630.09,MO
10290202,Big Piney,1955.88,MO
10290203,Lower Gasconade,2675.8,MO
10300102,Lower Missouri-Moreau,8808.14,MO
10300103,Lamine,2879.39,MO
10300104,Blackwater,3999.92,MO
10300200,Lower Missouri,4119.54,MO
11010002,James,3772.67,MO
11010008,Current,6782.59,"AR,MO"
07110002,North Fabius,2371.96,"IA,MO"
10240010,Nodaway,2588.18,"IA,MO"
10240012,Platte,4310.52,"IA,MO"
10280101,Upper Grand,8613.89,"IA,MO"
10280103,Lower Grand,6114.46,"IA,MO"
10280201,Upper Chariton,3502.27,"IA,MO"
10240011,Independence-Sugar,2699.63,"KS,MO"
10290103,Little Osage,1504.5,"KS,MO"
10290104,Marmaton,2955.67,"KS,MO"
11070208,Elk,2656.13,"AR,MO,OK"
22020000,Saipan,613.41,MP
03160102,Town,1769.34,MS
03160104,Tibbee,2893.96,MS
03170001,Chunky-Okatibbee,2351.75,MS
03170004,Upper Leaf,4540.51,MS
03170006,Pascagoula,1580.6,MS
03170007,Black,3282.26,MS
03180001,Upper Pearl,6379.88,MS
03180002,Middle Pearl-Strong,5120.13,MS
03180003,Middle Pearl-Silver,3156.24,MS
08030201,Little Tallahatchie,4269.54,MS
08030202,Tallahatchie,2723.1,MS
08030204,Coldwater,4819.77,"MS,TN"
08030205,Yalobusha,5917.03,MS
08030206,Upper Yazoo,4330.28,MS
08030207,Big Sunflower,8210.17,MS
08060201,Upper Big Black,3832.31,MS
08060202,Lower Big Black,4934.37,MS
08060203,Bayou Pierre,2772.31,"LA,MS"
08060204,Coles Creek,950.12,"LA,MS"
08060205,Homochitto,3092.05,MS
08060206,Buffalo,960.13,MS
03160101,Upper Tombigbee,4654.56,"AL,MS"
03160103,Buttahatchee,2239.52,"AL,MS"
03160202,Sucarnoochee,2522.23,"AL,MS"
03170003,Lower Chickasawhay,1720.97,"AL,MS"
03170008,Escatawpa,2704.75,"AL,MS"
03170009,Mississippi Coastal,7369.35,"AL,LA,MS"
03180004,Lower Pearl,4717.09,"LA,MS"
08010207,Upper Hatchie,2967.97,"MS,TN"
08010210,Wolf,2111.43,"MS,TN"
09040001,St. Marys,3816.84,"CN,MT"
09040002,Belly,4897.77,"CN,MT"
10020001,Red Rock,5993.48,"ID,MT"
10020002,Beaverhead,3890.87,MT
10020003,Ruby,2501.35,MT
10020004,Big Hole,7228.28,"ID,MT"
10020005,Jefferson,3366.65,MT
10020006,Boulder,1965.64,MT
10020008,Gallatin,4784.75,"MT,WY"
10030101,Upper Missouri,8677.18,MT
10030102,Upper Missouri-Dearborn,6738.04,MT
10030103,Smith,5197.38,MT
10030104,Sun,4862.62,MT
10030105,Belt,2069.1,MT
10030201,Two Medicine,3334.43,MT
10030202,Cut Bank,3110.14,MT
10030203,Marias,9565.33,"CN,MT"
10030204,Willow,2571.52,MT
10030205,Teton,5307.76,MT
10040101,Bullwhacker-Dog,5009.67,MT
10040102,Arrow,3295.57,MT
10040103,Judith,7162.88,MT
10040104,Fort Peck Reservoir,13599.86,MT
10040105,Big Dry,4012.58,MT
10040106,Little Dry,3167.77,MT
10040201,Upper Musselshell,10400.48,MT
10040202,Middle Musselshell,4984.28,MT
10040203,Flatwillow,1760.73,MT
10040204,Box Elder,3036.78,MT
10040205,Lower Musselshell,4376.08,MT
10050001,Milk Headwaters,2498.02,"CN,MT"
10050002,Upper Milk,5880.66,"CN,MT"
10050003,Wild Horse Lake,1241.16,"CN,MT"
10050004,Middle Milk,9096.47,MT
10050005,Big Sandy,2090.94,MT
10050006,Sage,2564.06,"CN,MT"
10050007,Lodge,2809.22,"CN,MT"
10050008,Battle,4450.08,"CN,MT"
10050009,Peoples,1839.93,MT
10050010,Cottonwood,2454.91,"CN,MT"
10050011,Whitewater,4642.75,"CN,MT"
10050012,Lower Milk,3897.8,MT
10050013,Frenchman,6227.04,"CN,MT"
10050014,Beaver,4737.59,MT
10050015,Rock,3544.86,"CN,MT"
10050016,Porcupine,1879.86,MT
10060001,Prairie Elk-Wolf,5244.35,MT
10060002,Redwater,5477.86,MT
10060003,Poplar,6011.67,"CN,MT"
10060004,West Fork Poplar,2655.17,"CN,MT"
10060005,Charlie-Little Muddy,3256.79,"MT,ND"
10060006,Big Muddy,8905.55,"CN,MT,ND"
10070002,Upper Yellowstone,7677.91,"MT,WY"
10070003,Shields,2211.9,MT
10070004,Upper Yellowstone-Lake Basin,4069.43,MT
10070005,Stillwater,2762.3,MT
10070007,Upper Yellowstone-Pompeys Pillar,5201.57,MT
10070008,Pryor,1581.64,MT
10080015,Lower Bighorn,5080.2,MT
10090102,Lower Tongue,7440.84,MT
10090209,Lower Powder,4862.87,MT
10090210,Mizpah,2081.4,MT
10100001,Lower Yellowstone-Sunday,12444.76,MT
10100002,Big Porcupine,2260.4,MT
10100003,Rosebud,3387.45,MT
10100005,O'Fallon,4091.76,MT
10110202,Boxelder,3091.64,"MT,ND,SD"
10100004,Lower Yellowstone,13790.18,"MT,ND"
10110204,Beaver,2257.87,"MT,ND"
10020007,Madison,6619.37,"ID,MT,WY"
10080016,Little Bighorn,3360.97,"MT,WY"
10090207,Middle Powder,2757.26,"MT,WY"
15080302,San Bernardino Valley,3581.8,"AZ,MX,NM"
03010205,Albemarle,11189.95,"NC,VA"
03020101,Upper Tar,3379.48,NC
03020102,Fishing,2315.57,NC
03020103,Lower Tar,2487.04,NC
03020104,Pamlico,3384.27,NC
03020105,Pamlico Sound,5055.27,NC
03020201,Upper Neuse,6231.89,NC
03020203,Contentnea,2612.19,NC
03020204,Lower Neuse,4100.38,NC
03020301,White Oak River,2416.91,NC
03020302,New River,2243.27,NC
03030002,Haw,4422.63,NC
04270101,Niagara River,3527.57,"CN,NY"
09020314,Roseau,5346.78,"CN,MN"
09020302,Red Lakes,5026.78,MN
09020304,Thief,2714.98,MN
07010101,Mississippi Headwaters,4975.37,MN
09030011,Shoal Lake,1027.87,CN
09030006,Big Fork,5325.88,"CN,MN"
09030007,Rapid,2444.66,MN
09030008,Lower Rainy,3975.44,"CN,MN"
09030010,Big Turtle River-Rainy Lake,6446.26,CN
09030003,Rainy Lake,12732.21,"CN,MN"
09030009,Lake of the Woods,13740.44,"CN,MN"
04030107,Michigamme,1875.47,MI
04030110,Escanaba,2402.42,MI
04030111,Tacoosh-Whitefish,1663.49,MI
04030112,Fishdam-Sturgeon,1503.03,MI
04060102,Muskegon,7062.02,MI
04060103,Manistee,5049.99,MI
04060105,Boardman-Charlevoix,4321.07,MI
04030113,Manistique River,3812.23,MI
04030114,Millecoquins Lake-Brevoort River,1431.02,MI
04080201,Tittabawassee,3748.87,MI
04080203,Shiawassee,3278.14,MI
04080204,Flint,3446.25,MI
04080205,Cass,2351.37,MI
04090002,Lake St. Clair,5796.93,"CN,MI"
04090003,Clinton,2064.16,MI
04190000,Lake Michigan,58249.47,"IL,IN,MI,WI"
04030106,Brule,2724.63,"MI,WI"
04010202,Cloquet,2055.42,MN
07010103,Prairie-Willow,5397.82,MN
07030003,Kettle,2725.4,MN
09030001,Rainy Headwaters,16347.29,"CN,MN"
09030002,Vermilion,2678.22,MN
09030005,Little Fork,4854.19,MN
07030002,Namekagon,2638,WI
07050001,Upper Chippewa,4999.03,WI
07050002,Flambeau,3054.68,"MI,WI"
07070001,Upper Wisconsin,5645.62,"MI,WI"
07030001,Upper St. Croix,5247.3,"MN,WI"
04070003,Lone Lake-Ocqueoc,2060.7,MI
04070004,Cheboygan,2315.59,MI
04070005,Black,1554.01,MI
04070006,Thunder Bay,3238.13,MI
04070007,Au Sable,5305.65,MI
04080101,Au Gres-Rifle,2639.66,MI
04080102,Kawkawlin-Pine,1250.85,MI
04080103,Pigeon-Wiscoggin,2310.57,MI
04080104,Birch-Willow,1333.13,MI
04080206,Saginaw,650.63,MI
04240000,Lake Huron,65096.51,"CN,MI"
04090001,St. Clair,3273.67,"CN,MI"
04020203,Waiska,277.41,MI
04020202,Tahquamenon,2097.15,MI
04020101,Black-Presque Isle,2619.4,"MI,WI"
04020102,Ontonagon,3595.84,"MI,WI"
04020105,Dead-Kelsey,2354.47,MI
04020201,Betsy-Chocolay,2979.45,MI
04020104,Sturgeon,1891.23,MI
04020103,Keweenaw Peninsula,2828.91,MI
04010101,Baptism-Brule,5801.93,"CN,MN"
04010102,Beaver-Lester,1590.16,MN
04010201,St. Louis,7602.23,"MN,WI"
04010301,Beartrap-Nemadji,4772.39,"MN,WI"
04010302,Bad-Montreal,3370.65,"MI,WI"
04180000,Lake Superior,84944.11,"CN,MI,MN,WI"
19030103,Western Aleutian Islands,25213.76,AK
19030102,Fox Islands,19520.18,AK
19010107,Outlet Portland Canal,3537.77,"AK,CN"
19010102,Ketchikan,5338.45,AK
19030101,Cold Bay,26631.76,AK
19010106,Headwaters Portland Canal,3590.09,"AK,CN"
19010103,Prince of Wales,16124.52,AK
19010209,Etolin-Zarembo-Wrangell Islands,2918.07,AK
19010104,Bradfield Canal,3299.88,AK
19010105,Burroughs Bay,10144.1,"AK,CN"
19010205,Lower Iskut,2546.07,"AK,CN"
19030201,Port Heiden,8228.73,AK
19010210,Kuiu-Kupreanof-Mitkof Islands,7661.02,AK
19030104,Pribilof Islands,1217.75,AK
19010208,Thomas Bay,2761.94,"AK,CN"
19010207,Stikine River,6665.24,"AK,CN"
19010212,Baranof Island,7381.17,AK
19010204,Admiralty Island,5545.7,AK
19010211,Chichagof Island,7721.65,AK
19010500,Icy Strait-Chatham Strait,13295.03,AK
19030203,Egegik Bay,7185.26,AK
19010206,Holkham Bay,9168.01,"AK,CN"
19030202,Ugashik Bay,11156.16,AK
19020701,Kodiak-Afognak Islands,23145.94,AK
19020702,Shelikof Strait,20881.1,AK
19030204,Naknek,9707.58,AK
19010304,Taku River,4955.28,"AK,CN"
19010301,Lynn Canal,6084.2,"AK,CN"
19010406,Palma Bay,4093.03,"AK,CN"
19010302,Glacier Bay,9937.21,"AK,CN"
19030306,Nushagak Bay,5435.61,AK
19030303,Lower Nushagak River,7809.6,AK
19010303,Chilkat-Skagway Rivers,7410.99,"AK,CN"
19030304,Wood River,3541.64,AK
19030305,Togiak,12366.8,AK
19030206,Lake Iliamna,18529.71,AK
19010403,Tatshenshini River,6572.12,"AK,CN"
19070103,Tagish Lake,5636.77,"AK,CN"
19020202,Resurrection River-Frontal Resurrection Bay,8271.67,AK
19020301,Lower Kenai Peninsula,7545.84,AK
19070101,Atlin Lake,6897.53,"AK,CN"
19070102,Bennett Lake,3537.62,"AK,CN"
19030503,Nunavak-St.Matthew Islands,7921.05,AK
19020602,Tuxedni-Kamishak Bays,8866.6,AK
19010402,Bering Glacier,13358.63,"AK,CN"
19010405,Yakutat Bay-Gulf of Alaska,17134.4,"AK,CN"
19030301,Upper Nushagak River,13024.19,AK
19030302,Mulchatna River,11119.64,AK
19030205,Lake Clark,8970.67,AK
19020203,Prince William Sound,9771.73,AK
19020302,Upper Kenai Peninsula,11440.43,AK
19070104,Takhini River,8119.24,"AK,CN"
19020800,Cook Inlet,16959.15,AK
19010404,Alsek River,13807.34,"AK,CN"
19020201,Eastern Prince William Sound,14227.76,AK
19020104,Lower Copper River,13909.48,AK
19030404,Holitna River,16571.66,AK
19020601,Redoubt-Trading Bays,11511.9,AK
19020401,Anchorage,3909.22,AK
19030502,Kuskokwim Delta,64678.45,AK
19020103,Chitina River,20803.54,"AK,CN"
19020402,Matanuska,8722.42,AK
19020505,Lower Susitna River,9156.96,AK
19030501,Aniak,16211.69,AK
19070402,White River,12696.72,"AK,CN"
19020503,Talkeetna River,5281.86,AK
19030406,Middle Fork Kuskokwim River,7874.65,AK
19020504,Yentna River,15872.76,AK
19090304,Chuilnuk River-Yukon River,16813.53,AK
19030407,South Fork Kuskokwim River,7879.16,AK
19080301,Nebesna-Chisana Rivers,14013.91,"AK,CN"
19020102,Middle Copper River,21106.57,AK
19090305,Yukon Delta,38571.8,AK
19020101,Upper Copper River,11660.37,AK
19030405,Stony River,24445.58,AK
19020502,Chulitna River,6715.79,AK
19030403,Takotna River,5766.77,AK
19020501,Upper Susitna River,16339.32,AK
19080302,Tok-Tanana River,7951.51,AK
19050101,St. Lawrence Island,7984.22,AK
19070403,Ladue River-White River,8189.74,"AK,CN"
19090301,Anvik River-Yukon River,9979.07,AK
19080304,Delta River,4362.23,AK
19090303,Lower Innoko River,25126.53,AK
19090302,Upper Innoko River,11445.8,AK
19030401,North Fork Kuskokwim River,13207.68,AK
19080308,Nenana River,10124.34,AK
19080303,Healy Lake-Tanana River,12919.65,AK
19080310,Kantishna River,18374.62,AK
19070502,Fortymile River,16817.42,"AK,CN"
19050102,Unalakleet,15096.63,AK
19070503,Sixtymile River-Yukon River,12901.82,"AK,CN"
19080307,Tanana Flats-Tanana River,15849.25,AK
19090202,Nowitna River,18555.71,AK
19090205,Galena-Yukon River,15200.16,AK
19080305,Salcha River,5740.26,AK
19080306,Chena River,5352.15,AK
19080311,Lower Tanana River,11933.15,AK
19090204,Klatsuta River-Yukon River,6660.23,AK
19050103,Norton Bay,16177.91,AK
19090107,Dulbi River,3789.14,AK
19050104,Nome,14753.34,AK
19080309,Tolovana River,8926.24,AK
19090109,Kateel River-Koyukuk River,8137.91,AK
19090201,Tozitna River,4216.93,AK
19050105,Imuruk Basin,12819.12,AK
19090203,Melozitna River,7040.19,AK
19080404,Ramparts-Yukon River,10440.96,AK
19090106,Huslia River,6129.34,AK
19080402,Beaver Creek,7737.59,AK
19050203,Buckland River,9138.09,AK
19080401,Birch Creek,12921.19,AK
19090104,Kanuti River,8689.64,AK
19050202,Goodhope-Spafarief Bay,10278.99,AK
19080107,Grass River,7522.85,AK
19050201,Shishmaref,10731.11,AK
19080106,Black River,16501.2,"AK,CN"
19050301,Selawik Lake,17160.8,AK
19090108,Koyukuk Flats-Koyukuk River,17136.37,AK
19080403,Yukon Flats-Yukon River,18183.5,AK
19090105,Allakaket-Koyukuk River,4464.31,AK
19050500,Kotzebue Sound,8011.76,AK
19050302,Upper Kobuk River,12087.29,AK
19080204,Lower Chandalar River,5601.88,AK
19090102,South Fork Koyukuk River,5977.14,AK
19050304,Lower Kobuk River,8731.74,AK
19050303,Middle Kobuk River,12464.55,AK
19090103,Alatna River,9067.7,AK
19080203,Christian River,6438.44,AK
19090101,Upper Koyukuk River,17950.57,AK
19080201,Middle Fork-North Fork Chandalar Rivers,8952.3,AK
19050401,Upper Noatak River,12160.12,AK
19050404,Wulik-Kivalina Rivers,7739.6,AK
19050403,Lower Noatak River,12504.99,AK
19050402,Middle Noatak River,10027.55,AK
19080103,Old Crow River,13903.17,"AK,CN"
19080104,Coleen River,11002.56,AK
19050405,Lisburne Peninsula,7884.37,AK
19080202,East Fork Chandalar River,14415.99,AK
19080105,Sheenjek River,12269.54,AK
19060301,Upper Colville River,20517.31,AK
19060302,Killik River,15162.4,AK
19060303,Chandler-Anaktuvuk Rivers,14303.02,AK
19060101,Kukpowruk River,10342.61,AK
19060102,Kokolik River,5951.48,AK
19060502,Camden Bay,10306.93,AK
19060501,Canning River,7141.98,AK
19060403,Mikkelson Bay,8068.47,AK
19060103,Utukok River,11672.54,AK
19060402,Sagavanirktok River,14277.05,AK
19060304,Lower Colville River,11200.07,AK
19060401,Kuparuk River,12098.06,AK
19060201,Kuk River,10814.56,AK
19060205,Harrison Bay,7741.19,AK
19060203,Meade River,13141.07,AK
19060204,Ikpikpuk River,17847.83,AK
19060206,Admiralty Bay-Dease Inlet,8482.38,AK
19060202,Northwest Coast,4876.08,AK
19080108,Porcupine Flats-Porcupine River,14648.98,"AK,CN"
19060505,Firth River,6185.56,"AK,CN"
19060506,Babbage River,14966.94,CN
19060504,Kongakut River-Beaufort Lagoon,13921.86,"AK,YT"
19070505,Tatonduk River-Yukon River,8759.06,"AK,YT"
19070506,Charley River-Yukon River,16043.71,"AK,CN"
09010009,Upper Moose Mountain Creek,4073.09,CN
09020318,Rat River-Tourond Creek,3228.91,CN
09020317,Morris River,4064.14,CN
09020319,La Salle River,2415.02,CN
09040003,Upper Oldman River,4854.13,CN
09040004,Oldman River-Willow Creek,4036.43,CN
17020017,Headwaters Columbia River,,CN
17020020,Goldstream River-Columbia River,,CN
17010107,Headwaters Kootenai River,,CN
17010108,Upper Kootenai River,,CN
17010109,Duncan River,,CN
17020021,Upper Arrow Lake-Columbia River,,CN
17010110,Slocan River,,CN
17020019,McNaughton Lake-Columbia River,,CN
17020018,Canoe River-McNaughton Lake,,CN
13100000,Rio Conchos,67618.84,MX
13110000,Rio Salado,60402.54,MX
13120000,Rio San Juan,32796.24,MX
04160001,Dog River-Frontal Lake Superior,8896.19,CN
04160004,Jackpine River-Frontal Lake Superior,1826.54,CN
04160002,Black Sturgeon River-Frontal Lake Superior,5088.96,CN
04330000,Long Lake-Kenogami River,4383.92,CN
04160003,Nipigon River,25217.85,CN
04320000,Mojikit Lake-Ogoki River,14020.71,CN
04170006,Goulais River-Frontal Lake Superior,4730.09,CN
04170005,Agawa River-Frontal Lake Superior,5656.89,CN
04170004,Magpie River-Frontal Lake Superior,9360.35,CN
04170003,White River-Frontal Lake Superior,7496.7,CN
04170001,Little Pic River-Frontal Lake Superior,4882.44,CN
04170002,Pic River-Frontal Lake Superior,6766.73,CN
04200002,St. Marys,4942.54,"CN,MI"
04200001,Carp-Pine,1682.31,MI
04230006,Ausable River-Frontal Lake Huron,3045.94,CN
04230005,Maitland River-Frontal Lake Huron,2636.52,CN
04230004,Penetangore River-Frontal Lake Huron,1149.85,CN
04230003,Saugeen River,4015.32,CN
04230001,Eugenia Lake-Frontal Lake Huron,1807.64,CN
04220004,Nottawasaga River-Frontal Lake Huron,4247.21,CN
04230002,Bruce Peninsula-Frontal Lake Huron,1793.96,CN
04220003,Severn River-Lake Simcoe,6025.45,CN
04220002,Lake Muskoka-Frontal Lake Huron,5546.66,CN
04220001,Magnetawan River-Frontal Lake Huron,5744.44,CN
04200009,Killarney Lake-Frontal Lake Huron,1795.93,CN
04200006,Serpent River-Frontal Lake Huron,2647.48,CN
04210004,French River-Frontal Lake Huron,8832.35,CN
04210002,Lower Wanapitei River,1220.93,CN
04200003,Gordon Lake,979.03,CN
04200005,Lower Mississagi River,3540.74,CN
04200007,Vermillion River,4392.61,CN
04210001,Upper Wanapitei River,2548.06,CN
04210003,Sturgeon River,6920.89,CN
04200008,Spanish River-Frontal Lake Huron,9475.57,CN
04200004,Upper Mississagi River,5804.53,CN
04250001,Cedar Creek-Frontal Lake Erie,596.33,CN
04250004,Talbot Creek-Frontal Lake Erie,701.77,CN
04250005,Big Creek-Frontal Lake Erie,3758.5,CN
04250003,Lower Thames River,2600.09,CN
04250007,Lower Grand River,2031.14,CN
04250002,Upper Thames River,3053.72,CN
04250006,Upper Grand River,4745.48,CN
